"Osteolepiformes",1,1,1,1,1,1,1,1,2,1,1,1,1,1,1,1,2,1,1,2,1,1,1,1,1,1,1,1,2,2,1,1,1,1,1,1,1,1,1,1,1,2,1,1,1,1,1,1,1,1,1,1,1,1,1,1,1,2,1,1,1,1,1,1,1,1,1,2,1,1,1,1,2,1,2,1,1,1,1,1,1,1,1,2,1,1,1,1,1,1,1,1,1,1,2,1,1,1,1,1,1,1,2,1,2,1,1,1,2,1,1,1,1,1,1,1,1,1,2,1,1,1,1,1,1,1,1,1,2,1,2,1,1,1,1,1,1,1,1,1,1,1,1,2,1,1,1,1,1,1,1,2,1,1,1,2,1,1,1,1,2,1,1,1,1,1,1,1,2,1,1,1,1,1,1,1,1,1,1,1,1,1,1,2,1,1,1,1,1,1,2,1,1,2,1,1,1,1,1,1,1,1,1,1,1,2,1,1,1,1,1,1,1,1,1,1,1,1,2,1,1,1,1,1,1,1,1,1,2,1,1,1,1,2,2,1,2,1,1,1,1,1,1,1,1,2,1,1,1,1,1,1,1,1,1,1,1,1,1,1,1,1,1,1,2,1,2,1,1,1,1,1,1,1,1,1,1,2,1,1,2,1,1,1,1,1,1,1,1,1,1,1,2,1,2,1,1,1,1,1,1,1,2,1,1,1,1,1,2,2,1,1,1,1,1,2,1,1,1,1,1,1,1,1,2,1,1,1,1,1,1,2,1,1,2,1,1,1,1,1,1,1,2,1,1,1,1,2,1,2
"Panderichthyidae",1,1,1,1,1,1,1,1,1,1,1,1,1,1,1,1,1,1,1,1,1,1,1,1,1,1,1,2,1,1,1,1,1,1,1,1,1,1,1,1,1,2,1,1,1,1,1,2,1,1,1,1,1,1,1,1,1,1,1,1,1,1,1,1,1,1,1,1,1,1,1,1,1,1,1,2,1,1,1,1,1,1,1,1,1,2,1,1,2,1,2,1,1,1,1,1,1,2,1,2,1,1,1,2,2,1,1,1,1,1,1,1,1,1,1,1,1,1,1,1,1,1,1,1,1,1,1,1,1,1,1,1,1,1,1,1,1,1,2,1,2,1,1,1,1,1,1,1,1,1,1,1,1,1,1,2,1,1,1,1,1,1,1,1,1,1,1,1,2,1,1,1,2,1,1,1,1,1,1,1,1,1,2,1,1,1,1,1,1,1,2,1,1,1,2,1,1,1,1,1,1,1,1,1,1,1,1,1,1,1,1,1,1,1,1,1,1,1,1,1,1,1,1,1,2,1,1,1,1,1,2,1,1,1,2,1,1,1,1,1,2,1,1,1,1,1,1,1,1,1,1,1,2,1,1,1,1,1,1,1,1,1,1,1,1,1,1,1,1,1,1,1,1,2,2,1,1,1,1,1,1,1,1,1,1,1,1,1,1,1,1,2,1,1,1,1,2,1,1,1,1,1,2,1,1,2,1,1,1,1,1,1,1,1,1,1,1,1,1,2,1,1,1,1,1,1,2,1,1,1,1,1,1,1,1,1,1,1,1,1,1,1,2,1,1,1,1,1,1,1
"Acanthostega",1,2,1,1,1,1,1,2,1,1,1,1,2,1,2,1,2,1,1,1,1,2,1,1,1,1,1,2,1,2,2,1,1,1,1,1,2,1,2,2,1,1,1,1,2,1,1,1,2,2,2,1,1,1,2,1,1,2,1,1,2,2,1,1,1,1,1,2,2,1,2,1,2,2,1,1,1,1,2,2,1,1,1,1,2,2,1,1,2,1,2,1,1,1,2,1,2,1,1,2,2,1,2,2,1,1,2,2,1,1,2,1,2,1,1,2,1,1,1,1,1,1,1,1,1,1,2,1,1,1,2,1,1,1,1,2,2,1,1,2,1,1,1,2,1,2,2,1,1,1,2,2,1,1,1,2,2,2,1,2,2,1,1,1,2,2,1,1,2,2,2,1,1,1,1,2,1,1,1,1,1,2,2,1,1,1,1,1,1,2,1,1,1,2,1,1,2,1,2,1,1,1,2,1,1,2,1,2,2,1,1,2,2,1,1,2,1,1,1,1,1,1,1,2,1,2,1,1,2,2,2,1,1,2,2,1,1,1,1,1,1,2,1,2,2,1,2,2,2,2,1,1,2,1,1,2,2,1,1,1,2,1,1,1,1,1,1,1,1,2,1,1,2,2,2,2,2,2,1,2,1,1,1,1,1,1,1,2,1,1,1,2,2,1,1,1,2,1,2,1,1,2,2,1,1,1,1,1,2,1,1,2,2,1,1,1,2,1,1,2,1,1,1,1,2,2,2,1,1,1,1,1,1,1,2,2,2,1,1,1,1,1,2,1,1,1,1,1,1,1
"Tulerpeton",1,2,1,1,1,1,1,2,1,1,1,1,1,1,1,1,2,1,1,1,1,2,1,2,1,2,2,2,1,1,1,1,1,1,2,1,1,1,2,1,1,1,1,1,1,2,1,2,1,2,1,1,1,1,2,1,1,2,1,1,1,1,1,1,1,1,1,2,1,2,1,1,1,1,2,1,1,1,2,2,2,2,1,2,1,2,1,1,1,1,2,1,1,1,2,2,1,2,1,1,1,1,2,2,2,1,1,2,1,2,1,2,1,1,1,1,1,1,1,1,1,1,1,1,1,2,2,2,2,1,2,1,2,1,1,1,2,2,1,2,1,1,1,1,1,1,2,2,1,1,2,1,1,1,1,2,2,2,1,2,2,1,1,1,2,2,1,1,1,1,2,1,1,1,1,2,1,2,2,1,1,1,2,2,2,1,1,1,1,2,1,1,1,1,2,1,2,2,1,1,1,1,2,1,1,1,1,1,2,1,1,2,2,1,2,2,1,1,1,2,2,1,1,1,1,1,1,2,1,2,2,1,1,1,1,1,1,1,1,1,1,2,1,1,2,1,2,2,2,2,1,2,2,1,1,2,2,1,1,1,2,2,1,1,1,1,2,1,1,1,1,1,2,2,1,2,2,1,1,2,1,1,2,1,1,1,2,2,1,1,1,1,2,1,1,2,2,1,2,1,2,1,1,1,1,2,1,2,2,2,2,1,2,1,1,1,1,1,1,2,1,2,1,1,2,2,2,1,1,1,1,1,1,1,2,2,2,1,1,1,1,1,2,1,2,1,1,2,1,1
"Crassigyrinus",1,2,2,1,1,1,2,2,2,1,1,1,1,1,1,1,2,1,1,1,1,1,2,2,1,1,2,1,1,2,2,1,1,1,1,1,1,1,2,2,1,2,2,1,1,2,1,1,1,2,1,2,2,1,1,1,1,2,1,2,1,1,2,1,1,1,1,1,2,1,2,1,2,2,1,2,2,1,1,2,2,1,1,2,1,1,1,1,1,1,2,1,1,1,1,1,1,2,2,1,1,1,2,2,2,1,2,2,2,1,1,2,2,1,2,2,1,1,1,1,1,1,1,1,1,1,2,2,2,1,2,1,2,1,1,2,1,1,1,2,1,1,1,2,1,2,2,2,2,2,1,1,1,1,1,2,1,2,2,2,1,2,1,1,2,2,1,1,1,2,1,2,1,1,1,1,1,2,1,1,1,1,2,2,1,2,1,1,1,2,1,2,1,2,2,1,2,1,1,1,1,2,1,1,1,1,2,2,2,2,1,1,1,2,2,1,1,1,1,1,2,1,1,1,1,1,1,2,2,1,2,1,1,1,2,1,2,1,1,1,1,2,2,2,1,2,2,2,1,1,1,2,1,1,1,2,2,1,1,1,2,1,1,2,1,1,1,1,1,1,2,1,2,1,2,2,2,2,1,2,1,1,1,2,2,1,2,2,1,1,1,1,1,1,2,2,1,1,2,1,1,2,1,1,1,1,1,2,1,2,1,1,1,1,1,2,2,1,1,2,1,1,1,2,1,1,1,1,1,2,1,1,1,2,2,2,2,1,1,1,1,1,1,1,1,1,1,2,2,1
"Baphetidae",1,2,2,1,2,1,1,2,1,1,1,1,1,1,2,1,2,1,1,1,1,2,2,2,1,1,2,2,1,1,2,1,1,1,2,1,1,2,2,2,1,2,1,1,2,1,1,2,1,2,1,1,2,1,2,1,1,2,1,2,2,2,1,1,1,1,1,2,1,1,2,1,1,1,1,2,1,1,1,2,1,1,1,2,2,1,1,1,2,1,2,2,1,1,1,1,2,2,2,2,1,1,2,1,1,1,2,2,2,2,2,1,1,1,2,2,1,1,1,1,1,1,1,1,1,1,2,2,2,1,2,2,1,1,1,2,2,2,1,2,1,1,1,2,1,1,1,2,2,2,1,1,1,2,2,1,1,2,2,2,2,2,1,1,1,2,1,2,1,2,1,2,1,1,1,2,1,1,1,1,1,2,2,2,1,2,1,1,1,2,2,1,1,2,2,1,2,1,1,1,1,2,2,1,1,1,2,2,1,1,1,2,1,2,2,1,1,2,1,1,1,1,1,1,1,1,1,1,2,1,2,1,1,2,2,1,1,1,1,1,1,2,2,2,2,1,2,1,1,1,1,2,1,1,1,2,2,1,1,1,2,2,1,2,1,1,1,1,1,2,1,1,2,2,2,1,2,2,1,1,1,2,2,2,1,1,2,2,1,1,2,1,1,1,2,2,2,1,2,1,1,2,2,1,1,2,1,2,1,1,1,1,1,1,1,1,1,1,1,1,2,1,1,1,2,2,2,1,1,1,1,1,1,1,1,1,2,2,2,1,1,1,2,1,1,1,1,2,1,1
"Colosteidae",1,1,2,1,2,1,2,2,2,1,2,1,2,1,1,1,2,1,1,1,1,2,1,2,1,1,2,2,2,2,1,1,1,1,2,1,1,1,1,2,1,1,2,1,2,1,1,2,1,2,1,2,1,1,2,1,1,2,1,2,1,1,1,1,1,1,1,2,1,1,2,1,2,2,1,2,1,1,1,1,1,1,1,2,2,1,1,1,2,1,1,1,1,2,2,1,1,1,2,2,1,1,2,1,2,1,2,2,1,1,1,1,2,1,2,1,1,1,1,1,1,1,1,1,1,1,2,1,2,1,2,2,2,1,1,2,2,2,1,2,1,1,1,1,1,2,1,2,2,2,1,2,1,2,1,2,1,1,1,2,2,2,1,1,2,1,1,1,1,1,1,1,2,1,1,2,1,1,1,1,1,2,1,2,1,2,1,1,1,2,1,1,1,2,1,1,2,1,2,1,1,2,2,1,2,1,1,1,2,1,1,2,2,1,2,1,1,2,1,1,1,1,1,1,1,2,1,2,1,2,1,1,1,2,1,1,2,2,1,1,2,1,2,1,1,1,2,1,2,1,1,1,1,1,1,2,2,1,1,1,2,1,1,2,1,1,1,1,2,2,1,1,2,2,1,1,2,1,1,1,2,2,1,1,1,1,2,2,1,1,2,1,2,1,2,1,1,1,2,1,2,2,1,1,1,2,1,2,1,2,1,1,1,1,1,2,1,1,1,2,1,1,1,2,2,2,2,1,1,1,1,2,1,1,1,2,2,1,1,1,1,2,2,1,1,1,1,2,1,1
"Dendrerpeton",1,2,2,1,1,1,2,2,2,1,2,1,2,1,1,1,2,1,1,1,1,1,1,2,1,1,2,1,1,2,1,1,1,1,1,1,2,1,2,1,1,2,2,1,1,2,1,2,1,2,1,2,1,1,2,1,1,2,1,1,1,1,2,1,2,1,1,1,1,1,1,1,2,2,1,2,1,2,1,2,2,1,1,1,1,1,1,1,2,1,1,2,1,2,1,1,2,1,1,1,1,2,1,1,1,1,2,2,1,2,1,1,2,1,2,2,1,1,1,1,1,1,1,1,1,1,2,1,1,1,2,2,1,1,1,2,2,2,2,2,1,1,1,1,1,2,1,2,2,1,2,1,1,2,1,2,1,2,1,2,1,1,1,1,1,2,1,1,1,2,2,2,1,1,2,1,1,1,1,1,1,2,1,1,1,1,1,1,1,1,1,1,1,2,2,1,2,1,1,1,1,2,2,1,1,2,2,2,2,2,1,2,2,1,2,1,1,2,1,1,1,1,1,1,1,2,1,1,2,2,2,1,1,1,2,2,2,2,1,1,1,2,2,2,1,2,2,2,2,2,1,2,2,1,1,2,2,2,1,1,2,2,1,1,2,1,1,2,1,1,1,1,1,1,1,1,2,1,1,2,2,2,1,2,1,1,2,2,1,1,2,2,1,1,2,1,2,1,2,1,1,2,1,2,1,1,1,2,1,2,1,1,1,1,1,1,1,1,1,1,1,1,1,1,2,1,1,1,1,1,1,2,2,2,1,1,2,1,1,2,1,1,2,2,1,1,1,2,1,1
"Eryops",1,1,2,1,2,1,1,2,2,1,2,1,1,1,1,1,2,1,1,1,1,1,2,2,1,1,2,2,1,1,1,1,1,1,2,1,1,1,2,1,1,2,2,1,2,2,1,2,1,2,2,2,1,1,1,1,1,2,1,2,1,1,2,1,2,1,1,1,2,1,1,1,2,2,1,2,1,2,1,2,2,1,1,1,1,1,1,1,2,1,1,2,1,2,2,1,1,1,1,2,1,2,1,1,1,1,2,2,1,2,1,1,1,1,2,1,1,1,1,1,1,1,1,1,1,1,2,1,1,1,2,1,1,1,2,2,2,2,2,1,1,1,1,1,1,2,1,1,2,1,2,2,1,2,1,1,1,1,1,2,2,1,1,1,1,2,1,1,2,1,2,2,2,1,2,1,1,1,1,1,1,2,2,1,1,2,1,1,1,1,1,1,1,2,1,1,2,1,1,1,1,2,2,1,1,1,1,2,1,2,1,2,1,1,2,1,1,2,1,1,1,1,1,1,1,2,1,1,1,2,2,1,1,1,2,2,2,2,1,1,1,2,2,2,1,1,2,1,1,2,1,2,2,1,1,2,2,2,2,1,2,2,1,1,2,2,1,2,1,1,2,1,1,1,2,1,2,1,1,2,2,2,1,2,2,1,2,2,1,1,1,1,1,1,1,1,1,1,2,1,1,2,1,1,1,1,1,2,2,2,2,2,1,1,1,1,1,1,1,1,1,1,1,1,2,1,1,1,1,1,1,2,1,2,1,2,2,2,1,2,1,1,2,2,1,1,1,2,1,1
"Ecolsonia",1,2,2,1,2,1,1,2,2,1,2,1,2,1,2,2,2,1,1,1,1,1,2,2,1,1,2,2,1,2,1,1,1,1,2,1,1,1,2,1,1,1,1,1,1,2,2,2,1,2,1,1,1,1,1,1,1,2,1,2,2,1,1,1,2,1,1,1,1,1,2,1,1,2,1,2,1,2,1,2,2,1,1,1,1,1,1,1,2,1,1,2,1,2,2,1,2,1,2,2,1,2,1,1,1,2,2,2,2,2,1,1,2,1,2,2,1,1,2,1,1,1,1,1,1,1,1,1,1,1,2,1,1,1,2,2,2,2,1,1,1,1,2,1,1,2,1,2,2,1,2,2,1,2,1,1,1,1,2,2,1,1,1,1,2,2,1,1,1,1,2,2,1,1,2,1,1,1,1,1,1,2,2,1,1,2,1,1,1,1,2,1,1,2,2,1,2,1,1,1,1,2,2,1,2,1,2,2,2,2,1,2,1,2,2,1,2,2,1,1,1,1,2,1,1,2,1,2,1,1,2,1,1,2,2,2,2,2,1,1,2,2,2,2,2,2,1,2,2,2,1,1,2,1,1,2,2,2,1,1,2,1,1,1,2,2,1,2,1,2,1,1,1,2,2,1,1,2,1,2,2,2,1,2,2,1,2,2,1,1,2,1,1,1,1,1,2,2,2,1,1,1,1,1,1,2,1,2,2,2,1,2,2,1,1,1,2,1,1,1,1,1,1,1,1,2,2,1,1,1,1,1,1,1,1,2,1,2,1,2,1,1,2,2,1,1,1,2,1,1
"Tersomius",1,2,2,1,2,1,1,2,1,1,2,1,2,1,2,2,2,1,1,1,2,1,2,2,1,1,1,1,1,2,2,1,1,1,2,1,1,1,1,2,1,2,2,1,1,1,1,2,1,2,1,1,2,1,2,1,1,2,1,2,2,1,1,1,1,1,1,2,2,2,2,1,2,1,2,2,2,2,1,2,1,1,1,1,1,1,1,1,2,2,1,2,1,2,1,1,1,2,2,2,2,2,1,1,1,1,2,2,2,2,2,1,2,1,2,1,1,1,2,1,1,1,1,1,1,1,2,1,2,1,1,1,1,1,2,2,1,2,1,1,1,1,1,2,1,1,1,1,1,1,1,1,1,2,1,2,1,1,1,2,2,1,1,1,2,1,1,2,1,2,1,2,1,1,2,1,1,2,1,1,1,2,2,2,2,2,1,1,1,1,1,2,1,2,2,1,2,2,1,1,1,2,2,1,2,2,2,1,1,2,1,2,1,2,1,1,1,2,2,1,2,1,2,1,1,2,1,1,2,2,2,1,1,1,1,2,2,2,1,1,2,2,2,2,1,1,1,2,1,2,1,2,2,1,1,2,2,2,2,1,2,1,1,1,2,2,1,2,1,1,2,1,2,2,2,1,2,1,1,2,2,2,1,2,2,1,1,2,1,1,2,2,1,1,1,1,1,1,2,1,1,1,1,2,1,2,1,2,1,1,1,1,1,1,1,1,2,1,1,1,1,2,1,2,1,2,2,1,1,1,1,2,1,2,1,1,2,2,1,2,1,1,2,2,1,1,1,1,2,1
"Apateon",1,1,2,1,2,1,1,2,1,1,2,1,2,1,2,2,2,1,1,1,2,1,2,2,1,1,1,1,1,1,2,1,1,1,1,1,1,1,1,1,1,2,2,1,2,1,1,2,1,2,1,1,2,1,2,1,1,2,1,2,1,1,1,1,1,1,1,2,2,2,2,1,2,1,2,2,1,2,1,2,2,1,1,1,1,1,1,1,2,2,1,2,1,2,1,1,1,2,2,1,1,2,1,1,1,1,2,2,1,2,1,1,2,1,2,1,1,1,2,1,1,1,1,1,1,1,1,1,2,2,1,1,1,1,1,1,1,2,1,1,1,1,1,1,1,1,2,1,1,1,1,2,1,2,1,2,1,1,1,2,2,1,1,1,2,1,1,2,1,2,2,2,1,1,1,1,1,2,1,1,1,2,1,2,2,2,1,1,1,1,1,2,1,2,1,1,2,2,1,1,1,2,2,1,2,2,2,2,1,2,1,2,1,2,1,1,1,2,2,1,2,1,2,1,1,2,1,1,2,2,1,1,1,2,1,2,1,2,1,1,2,2,2,1,1,1,1,1,1,2,1,1,2,1,1,2,2,2,1,1,2,1,1,1,1,2,2,2,1,1,2,1,2,2,2,1,1,2,1,2,1,2,1,2,2,1,1,2,2,1,2,2,1,1,1,1,2,1,2,1,1,1,2,2,1,2,1,2,1,1,1,1,1,1,1,1,2,1,1,1,1,2,1,1,1,2,1,1,1,1,1,2,1,2,1,1,2,2,1,1,1,1,2,2,1,1,1,1,2,1
"Amphibamus",1,1,2,1,2,1,1,2,1,1,2,1,1,1,1,2,2,1,1,1,2,1,2,2,1,1,2,2,1,2,2,1,1,1,2,1,1,1,1,2,1,1,2,1,1,2,1,2,1,2,1,1,2,1,2,2,1,2,1,1,1,2,2,1,1,1,1,2,1,2,2,1,2,1,1,2,1,2,1,2,2,1,1,1,1,1,1,1,2,2,1,2,1,2,1,1,1,2,2,2,2,2,1,1,1,1,2,2,1,2,2,1,2,1,2,2,1,1,2,1,1,1,1,1,1,1,2,1,2,1,1,2,1,1,2,2,1,2,1,1,1,1,2,2,1,1,1,1,2,1,1,1,1,1,1,1,1,2,1,2,1,1,1,1,2,1,2,2,1,1,2,2,2,1,2,1,1,2,1,1,1,2,2,2,2,2,1,1,1,1,1,1,1,2,2,1,2,2,1,1,1,2,2,1,2,2,2,1,2,1,1,2,1,1,2,1,1,2,2,1,2,1,1,1,1,2,1,1,2,2,2,1,1,2,1,2,2,2,1,1,1,2,2,2,1,1,1,2,1,2,1,2,2,1,1,2,2,2,2,1,2,1,1,1,2,2,1,2,1,1,2,1,2,2,2,1,1,2,1,2,1,2,1,2,2,1,1,2,1,1,2,1,1,1,1,1,2,1,2,1,1,2,1,2,1,2,1,2,1,1,2,2,1,1,1,1,1,1,1,2,1,1,1,1,2,2,2,1,1,1,1,1,1,1,1,2,2,2,1,2,1,1,2,2,1,1,1,1,2,2
"Doleserpeton",1,2,2,1,1,1,1,1,1,1,2,1,1,1,1,2,2,1,1,1,2,1,1,2,1,1,2,2,1,2,2,1,1,1,1,1,1,2,1,2,1,2,2,1,2,2,1,1,1,2,1,1,2,1,2,1,1,2,2,2,1,2,2,1,1,2,1,1,2,2,2,1,2,2,1,1,2,1,1,2,2,1,2,1,1,1,1,1,1,2,1,2,1,2,2,1,2,2,1,1,2,2,2,1,2,1,2,2,1,2,2,1,2,1,1,1,1,1,2,1,1,2,1,1,1,2,2,1,1,1,1,2,2,1,1,2,2,2,1,1,1,1,1,2,1,1,1,2,2,2,1,2,1,2,1,1,2,2,1,2,1,1,1,1,2,1,2,1,1,2,1,2,2,1,2,1,1,2,1,1,1,1,2,1,2,2,1,1,1,1,2,1,1,2,2,1,1,2,1,1,1,2,2,1,2,2,1,2,2,1,2,1,2,1,1,1,2,2,1,1,1,1,1,1,1,2,1,2,2,2,2,1,1,2,1,2,2,2,1,1,2,2,2,2,1,2,1,1,1,2,1,2,1,1,1,2,2,1,1,1,2,1,1,1,2,1,2,2,1,2,1,1,2,1,1,1,1,2,1,2,1,2,1,2,2,1,1,2,1,1,2,2,1,1,2,1,1,1,2,1,1,2,2,1,1,2,2,2,1,1,1,1,2,1,1,1,2,1,1,2,1,1,1,1,2,1,2,1,1,1,1,2,1,1,1,2,2,2,1,2,1,1,1,2,1,1,1,1,2,2
"Gephyrostegidae",1,2,2,1,2,1,1,2,1,1,2,1,1,1,1,1,2,1,1,2,1,1,2,2,1,1,1,2,1,2,1,1,1,1,2,1,2,2,2,1,1,2,2,1,1,1,1,2,2,2,1,1,2,1,1,1,1,2,1,1,2,1,2,1,2,1,1,1,1,1,1,1,2,2,2,2,1,2,1,2,1,1,1,1,2,2,1,1,2,1,2,2,1,2,1,2,1,1,2,2,2,2,2,1,2,1,2,2,2,2,2,1,1,1,2,1,1,1,2,1,1,1,1,1,1,1,2,1,2,1,2,2,1,1,1,1,1,1,1,2,1,1,1,2,1,2,1,1,2,1,1,2,1,2,1,1,1,2,1,2,2,2,1,1,1,2,1,1,1,1,2,1,1,1,2,1,1,1,1,1,1,2,2,1,1,2,1,1,1,2,1,1,1,2,1,1,2,1,2,1,1,2,2,1,1,2,2,2,2,1,1,2,1,1,2,2,1,2,2,1,1,1,1,1,1,1,1,1,1,2,1,1,1,1,1,2,1,1,1,1,2,2,2,1,2,1,2,2,1,2,1,1,1,1,1,2,2,1,1,1,2,1,1,2,1,1,2,1,1,2,2,1,1,2,1,1,2,1,1,1,1,2,2,1,1,1,2,1,1,1,1,2,1,1,2,2,1,1,1,1,2,1,2,2,1,2,1,2,2,2,2,2,2,2,1,2,2,1,1,1,1,1,1,1,1,1,2,1,1,1,1,2,2,1,2,2,1,2,1,1,1,1,2,1,1,1,1,2,1,1
"Solenodonsaurus",1,1,2,1,1,1,1,2,1,1,1,1,2,1,2,1,1,1,1,1,2,1,2,2,1,1,1,1,2,2,2,1,1,1,1,1,1,1,1,2,1,1,1,1,2,2,1,2,2,2,1,1,1,2,2,1,1,2,1,1,2,2,2,1,2,1,1,2,1,1,1,2,2,1,1,2,1,2,1,2,1,1,1,2,2,1,1,1,1,1,1,2,1,2,2,2,1,1,1,1,1,2,1,2,1,1,2,2,2,2,2,1,2,1,2,1,1,1,1,1,1,1,1,1,1,2,2,1,1,1,2,2,2,1,1,1,2,1,1,2,1,1,2,2,1,1,1,1,2,1,1,1,1,2,1,2,2,1,1,2,2,1,2,1,2,2,1,1,1,2,1,2,2,1,1,2,1,2,1,1,1,2,2,1,1,2,1,1,1,2,2,1,1,2,1,1,2,1,2,1,2,2,2,1,2,1,2,2,1,2,1,1,1,1,1,2,2,1,2,1,1,1,1,1,1,2,1,1,1,1,1,1,1,2,1,2,2,1,1,2,2,2,2,2,1,2,2,1,1,1,1,2,2,1,1,2,2,2,2,1,2,1,1,2,2,2,2,1,1,2,2,2,1,2,1,2,2,2,1,1,1,1,1,1,1,1,2,2,1,1,1,2,2,2,2,1,1,2,2,1,1,2,2,1,1,2,1,2,2,2,1,2,1,1,1,2,1,1,1,2,2,2,2,1,2,2,2,1,2,1,1,1,2,1,1,2,1,2,1,2,1,1,1,1,1,1,1,1,1,2
"Limnoscelis",1,1,2,1,2,1,1,2,2,1,1,1,1,1,2,2,1,1,1,1,2,1,1,2,1,1,1,1,2,2,1,1,1,1,2,1,2,1,1,2,1,2,2,1,2,1,1,2,2,2,1,2,2,2,2,1,1,2,1,1,1,2,2,1,2,1,1,1,2,1,2,2,2,1,1,2,1,2,1,2,1,1,1,1,1,1,1,1,2,1,1,2,1,2,2,2,2,1,1,1,2,2,2,2,1,1,2,2,2,2,1,1,1,1,2,1,1,1,2,1,1,1,1,1,1,1,1,1,1,1,2,1,1,1,1,2,2,2,1,2,1,1,1,2,1,1,1,2,2,1,1,1,1,2,1,1,1,1,1,2,2,1,2,1,2,2,1,1,1,1,2,2,1,1,2,1,1,1,1,1,1,1,2,1,1,2,1,1,1,2,2,1,1,2,1,1,2,1,2,1,2,1,1,1,1,2,2,2,1,2,1,1,2,2,2,2,2,2,1,1,1,1,1,1,1,1,1,2,1,1,1,1,1,2,2,2,2,1,1,1,1,2,2,2,1,1,2,1,2,1,1,1,2,1,1,2,2,2,1,1,2,1,2,2,2,2,2,1,1,2,2,2,1,1,1,2,2,1,1,1,1,1,2,1,1,1,2,2,1,1,2,2,2,2,1,1,2,2,2,1,1,1,1,1,1,1,1,1,1,2,1,2,2,1,1,1,1,1,1,1,2,1,1,1,2,1,2,1,2,1,1,2,2,1,1,2,1,2,1,2,1,1,1,1,1,1,1,2,1,1
"Diadectes",1,1,2,1,1,1,1,1,2,1,1,1,1,1,2,2,1,1,1,1,2,1,2,2,1,1,1,2,2,1,1,1,1,1,1,1,1,1,1,2,1,2,2,1,2,1,1,2,2,2,1,2,1,2,2,1,1,2,1,1,1,1,2,1,2,1,1,1,2,1,2,2,1,2,1,2,1,2,1,2,1,1,1,2,1,1,1,1,2,1,1,2,1,2,1,2,1,2,1,1,2,1,1,2,2,1,2,2,1,2,2,1,2,1,2,1,1,1,2,1,1,2,1,1,1,2,1,1,2,1,2,2,2,1,1,2,1,2,1,2,1,1,1,1,1,1,1,2,2,1,1,1,1,2,1,2,1,1,1,2,1,1,2,1,2,2,1,1,1,1,2,2,2,1,2,1,1,2,1,1,1,1,2,1,1,2,1,1,1,2,2,1,1,1,1,1,2,1,2,1,2,1,1,1,2,2,2,2,1,2,1,2,1,2,2,2,2,2,2,1,1,1,1,1,1,1,1,2,1,2,2,1,1,1,1,2,2,1,1,1,2,2,2,1,1,2,2,1,1,1,1,2,2,1,1,2,2,2,1,1,2,1,2,1,1,2,2,1,1,2,2,2,1,2,1,2,2,1,1,1,1,1,2,2,1,1,2,2,1,1,1,2,1,2,1,1,1,2,1,1,2,1,2,1,1,1,1,2,1,2,1,2,2,1,1,1,1,1,1,1,2,1,1,1,1,1,1,1,2,1,1,1,2,1,1,1,1,2,1,2,1,1,1,1,1,1,1,1,1,2
"Synapsida",1,1,2,1,2,1,1,2,1,1,1,1,1,1,1,1,1,1,1,1,1,1,2,2,1,1,1,2,2,1,2,1,1,1,1,1,1,1,1,2,1,1,2,1,2,2,1,2,2,2,1,2,1,2,1,1,1,2,1,1,2,2,2,1,2,1,1,1,2,1,2,2,2,2,1,2,1,2,1,2,2,1,1,1,2,1,1,1,1,1,1,2,1,2,2,2,1,1,1,1,2,2,1,2,1,1,2,1,1,2,2,1,2,1,1,2,1,1,2,1,1,1,1,1,1,1,1,1,2,1,2,2,1,1,1,2,2,2,1,2,1,1,1,2,1,1,1,2,2,1,1,2,1,2,1,2,1,1,1,2,2,1,2,1,2,2,1,2,1,1,1,2,1,1,2,2,1,2,1,1,1,2,2,1,1,2,1,1,1,2,2,1,1,2,2,1,2,1,2,1,2,1,1,1,2,1,2,2,2,2,1,1,2,2,2,2,2,2,2,1,1,1,1,1,1,2,1,1,1,2,1,2,1,1,2,2,2,1,1,1,1,2,2,2,1,1,2,1,1,1,1,2,2,1,1,2,2,2,1,1,2,1,2,2,1,2,1,1,1,2,1,2,1,1,2,2,2,1,1,1,1,1,1,2,1,1,2,2,1,1,1,2,1,2,1,1,2,2,2,1,1,2,2,1,1,1,1,2,1,2,1,2,2,1,1,2,1,1,1,2,2,2,1,1,2,1,2,1,2,1,1,2,2,1,1,2,1,2,1,2,1,1,2,1,1,1,1,2,1,2
"Captorhinidae",1,1,2,1,1,1,1,2,1,1,1,1,1,1,2,1,2,1,1,1,1,1,2,2,1,1,2,2,2,2,2,1,1,1,2,1,1,1,1,1,1,1,2,2,2,1,1,2,2,2,1,2,1,2,2,1,1,2,1,1,1,2,2,1,2,1,1,1,2,1,2,2,2,2,1,2,1,2,1,2,2,1,1,1,1,1,1,2,2,1,1,2,1,2,2,2,2,1,1,2,1,2,2,2,1,1,2,2,1,2,2,1,2,1,2,2,1,1,2,1,1,1,1,1,1,2,1,1,2,1,1,2,2,1,1,2,2,1,2,2,1,1,1,2,1,1,1,2,2,1,1,1,1,2,1,2,1,2,1,2,1,2,2,1,2,2,1,1,2,1,2,2,1,1,2,1,1,2,1,1,1,2,2,1,2,2,1,1,1,2,2,1,1,2,2,1,2,1,2,1,2,1,1,1,2,1,1,2,2,1,1,1,1,1,2,2,2,2,2,1,2,1,1,2,1,2,1,1,1,2,1,2,1,2,2,2,1,1,1,1,1,2,2,2,2,2,2,1,2,1,1,2,2,1,1,2,2,2,2,1,2,1,2,2,2,2,2,1,1,2,2,2,1,1,1,2,2,1,1,1,1,2,1,2,1,1,2,2,1,1,1,2,1,1,1,1,1,2,2,1,1,2,1,1,1,1,1,2,1,2,1,2,2,1,1,2,2,1,1,1,2,1,1,1,2,1,2,1,2,1,1,1,2,1,1,2,1,1,2,2,1,1,1,1,1,1,1,2,1,2
"Procolophonidae",1,2,2,1,2,1,1,2,2,1,1,1,2,1,2,1,1,1,1,1,2,1,2,2,1,1,2,1,2,2,2,1,1,1,1,1,2,1,1,2,1,1,2,1,1,2,1,2,1,2,1,2,2,2,2,1,1,2,1,1,1,2,2,1,2,1,1,1,2,1,2,2,2,2,1,1,1,2,1,2,2,1,1,1,1,1,1,2,1,1,1,2,1,2,1,2,1,2,1,2,1,2,2,2,1,1,2,2,1,1,2,1,2,1,1,2,1,1,1,1,1,1,1,1,1,1,1,2,1,1,2,1,1,1,1,2,2,2,1,2,1,1,1,1,1,2,1,2,2,1,1,2,1,2,1,2,1,2,1,2,2,1,2,1,2,2,1,1,2,1,1,2,1,1,2,1,2,2,1,1,1,2,1,1,1,2,1,1,1,2,2,1,1,1,1,1,2,1,2,1,2,1,1,1,1,2,2,2,2,1,1,1,2,2,2,2,2,2,2,1,1,1,1,1,1,2,1,2,2,2,2,2,1,2,1,2,2,1,1,2,1,2,2,2,1,2,2,2,2,1,1,2,2,1,1,2,2,1,2,1,2,1,2,1,2,2,1,1,1,2,1,2,1,1,2,2,2,2,1,1,2,2,1,2,1,1,2,1,1,1,1,2,2,1,2,1,2,2,2,1,2,2,1,1,1,1,1,2,1,2,1,2,1,1,1,1,2,1,1,1,2,2,1,1,2,2,2,1,2,1,1,1,2,1,1,2,1,1,1,2,2,1,2,1,1,1,1,2,1,2
"Westlothiana",1,1,2,1,2,1,1,2,2,1,1,1,1,1,2,1,1,1,1,1,1,1,1,2,1,1,2,2,2,1,1,1,1,1,1,1,1,1,1,2,1,1,2,1,2,1,1,1,2,2,2,2,1,2,2,1,1,2,1,1,1,2,1,1,2,1,1,2,2,1,2,2,1,1,1,2,1,2,1,2,2,1,1,1,2,1,1,1,1,1,1,2,1,2,2,2,1,1,1,1,1,2,1,2,1,1,1,2,1,2,2,1,2,1,1,1,1,1,2,1,1,1,1,1,1,2,2,1,1,1,2,1,1,1,1,2,2,2,1,2,1,1,2,2,1,2,1,2,2,1,1,2,1,2,1,2,1,1,1,2,1,2,2,1,1,2,1,1,2,1,1,2,2,1,2,2,1,2,1,1,1,2,2,1,1,2,1,1,1,2,2,1,1,1,2,1,2,1,2,1,2,1,2,1,2,1,2,2,1,1,1,1,2,2,2,2,2,2,2,1,1,1,1,1,1,2,1,1,2,2,1,1,1,1,1,2,2,1,1,1,1,2,2,2,1,2,2,1,1,1,1,2,2,1,1,2,2,2,1,1,2,1,2,2,2,2,2,1,1,2,2,1,1,2,1,2,2,2,1,2,1,2,1,1,1,1,2,2,1,1,1,2,2,2,1,1,2,2,2,1,1,2,1,1,1,2,1,2,1,2,2,2,2,1,1,2,2,1,1,2,2,2,1,1,2,1,2,1,2,1,1,2,2,1,1,2,1,2,1,2,1,1,1,1,1,1,1,2,1,2
"Aistopoda",1,2,2,1,1,1,1,2,1,1,1,1,1,1,1,1,1,1,1,1,1,2,2,2,1,1,1,1,1,2,1,1,2,1,1,1,2,1,1,2,1,1,2,1,2,1,1,1,2,2,1,1,1,2,1,1,1,1,1,2,1,2,2,1,2,1,1,1,2,1,1,2,1,1,1,2,2,1,1,2,1,1,1,2,1,1,1,1,1,1,1,1,1,2,2,2,2,1,1,1,2,2,1,1,1,1,1,2,2,1,1,2,1,1,2,1,1,1,2,1,1,1,1,1,1,2,2,1,2,1,1,1,1,1,2,2,1,2,1,1,1,1,2,1,1,1,1,1,2,1,1,2,1,2,1,1,1,2,1,2,2,2,2,1,2,1,1,1,2,2,2,2,2,1,2,1,1,2,1,1,1,2,1,2,2,1,1,1,1,2,2,1,1,1,1,1,1,1,2,1,2,2,1,1,2,2,2,2,1,1,1,2,2,2,2,2,2,2,2,1,1,1,2,1,1,1,1,1,1,1,2,2,1,1,1,2,1,1,1,1,1,2,2,2,1,2,2,2,1,1,1,2,1,1,1,2,2,1,1,1,2,1,1,1,1,2,2,1,1,2,2,1,1,2,1,2,2,2,1,2,2,2,1,2,2,1,1,2,1,1,1,1,1,2,2,1,2,1,2,1,2,1,1,1,1,2,2,2,1,1,1,2,2,1,1,1,2,1,1,2,2,2,1,1,2,2,1,1,2,1,1,2,2,1,2,1,2,1,1,2,1,1,1,1,1,1,1,1,1,2
"Triadobatrachus",1,1,2,1,1,1,1,2,2,1,2,1,2,1,2,1,1,1,1,1,2,2,2,2,1,1,1,1,1,2,2,1,2,1,1,1,2,1,2,2,1,2,2,1,1,1,1,2,1,2,1,2,1,2,2,1,1,2,2,1,2,2,2,1,2,1,1,1,1,1,1,2,2,1,2,1,2,1,2,2,1,1,1,2,2,2,1,1,1,1,1,2,2,2,2,2,1,1,1,2,2,2,1,2,1,1,1,1,2,2,2,1,1,1,1,2,1,1,1,1,1,1,1,1,1,2,2,1,1,1,1,2,2,1,2,1,1,1,2,2,1,1,2,2,1,1,1,2,2,1,2,1,1,2,1,2,1,2,1,1,2,2,2,1,2,1,1,1,2,1,1,2,2,1,1,1,2,1,1,1,1,2,1,2,2,1,1,1,1,2,2,1,1,2,2,1,2,1,2,1,2,1,2,1,2,1,2,2,1,1,1,1,2,2,1,1,2,2,1,1,2,1,2,1,1,2,1,2,1,2,2,2,1,1,1,2,1,2,1,1,1,2,2,1,2,1,1,1,2,2,1,2,2,2,1,2,2,2,2,1,2,1,2,2,1,2,1,1,1,1,2,2,2,2,2,2,2,2,1,2,1,2,2,2,1,1,1,2,2,1,2,2,1,2,1,2,2,1,2,1,2,1,2,2,1,2,1,1,1,1,1,1,2,1,1,2,1,1,1,2,2,2,1,1,1,2,1,1,2,1,1,1,2,1,1,1,2,2,1,2,1,2,1,1,1,1,1,1,2,1
"Discoglossidae",1,2,2,1,2,1,1,2,1,1,1,1,2,1,2,1,1,1,1,1,2,2,2,2,2,1,1,2,1,1,1,1,2,1,2,1,2,1,1,2,1,1,1,2,2,1,1,2,1,2,2,1,1,2,1,1,1,2,2,2,1,2,2,1,2,1,1,1,2,1,1,2,1,2,2,1,2,1,2,2,1,1,1,2,1,2,1,1,1,1,2,2,2,2,2,1,1,2,1,2,1,2,1,2,2,1,2,1,1,2,2,2,1,1,1,2,1,1,1,1,1,1,1,1,1,2,2,1,2,1,1,2,2,1,1,1,1,1,2,2,1,1,1,1,1,1,2,1,2,1,2,1,1,2,1,2,2,2,1,1,2,2,2,1,2,1,1,1,1,2,1,2,1,1,1,2,2,1,1,1,1,1,2,2,2,1,1,1,1,2,2,1,1,1,1,1,1,1,2,1,2,2,2,1,2,1,2,2,2,1,1,1,1,1,1,1,2,2,1,1,2,1,1,1,1,2,1,2,1,2,2,2,1,1,1,2,2,2,1,2,2,1,2,2,1,2,2,1,1,2,1,2,1,2,1,2,2,2,1,1,2,1,2,2,1,2,2,1,1,1,1,1,2,1,2,2,2,2,1,2,1,1,2,1,1,1,1,2,2,1,2,1,1,2,1,2,1,2,2,1,2,2,1,2,1,2,1,2,1,1,1,2,1,1,1,2,2,1,1,2,2,2,1,1,1,1,1,1,1,1,1,2,2,1,2,2,1,2,2,2,1,2,2,1,1,2,1,1,2,2
"Bombinatoridae",1,1,2,1,2,1,1,2,1,1,2,1,1,1,1,1,1,1,1,1,2,2,2,2,1,1,2,1,1,1,2,1,2,1,2,1,2,1,2,1,1,1,2,2,1,2,1,2,2,2,2,2,2,1,2,1,1,2,2,2,1,1,1,1,2,1,1,2,2,1,1,2,2,1,2,1,2,2,2,2,2,1,1,2,2,2,1,1,1,1,2,2,2,2,2,1,1,2,1,2,1,2,1,2,1,1,1,1,2,2,2,2,1,1,2,2,1,1,2,1,1,2,1,1,1,1,2,1,2,1,1,1,1,1,2,2,1,1,2,1,1,1,1,2,1,1,1,1,2,1,2,1,1,2,1,2,1,1,1,1,2,1,2,1,2,1,1,1,2,2,1,2,1,1,2,1,2,1,1,1,1,1,2,1,2,1,1,1,1,2,2,1,1,1,2,1,2,1,1,1,2,1,2,1,2,2,2,2,1,2,1,1,1,2,1,1,2,2,1,1,1,1,2,1,1,2,2,1,1,1,2,2,1,1,2,2,2,1,1,2,2,2,2,2,2,2,2,1,1,1,1,2,1,1,1,2,2,2,1,1,2,1,2,1,2,1,2,1,1,2,1,1,2,2,1,2,2,2,1,2,1,1,2,1,1,1,1,2,2,1,2,2,1,2,1,2,2,2,2,1,2,2,2,2,1,2,1,1,2,1,2,2,2,2,1,2,1,1,1,2,2,2,1,1,2,2,1,1,2,1,1,2,2,1,2,1,1,2,1,2,1,2,2,1,1,1,1,1,1,2
"Pipidae",1,2,2,1,1,1,1,2,2,1,2,1,1,1,2,1,1,1,1,1,2,2,2,2,1,1,2,1,2,2,1,1,2,1,2,1,1,1,1,1,1,2,2,1,2,2,1,2,1,2,2,2,1,2,2,2,1,2,1,1,2,1,1,1,2,1,1,1,1,1,2,2,2,1,1,1,2,1,2,2,2,1,1,1,2,1,1,1,1,1,2,2,2,2,2,1,1,2,1,1,1,1,2,1,1,1,1,1,1,2,1,2,2,1,1,2,1,1,1,1,1,1,1,1,1,2,2,2,2,1,1,1,2,1,1,1,1,1,2,2,1,1,1,1,1,1,2,2,2,1,2,2,1,2,1,1,1,2,1,1,1,1,2,1,2,1,1,1,1,1,1,2,1,1,1,1,2,1,1,1,1,2,2,1,2,1,1,1,1,2,2,1,1,2,2,1,2,1,2,1,2,1,2,1,2,1,1,2,1,2,1,1,2,1,1,1,2,2,1,1,2,1,2,1,1,1,1,1,1,2,2,2,1,2,1,2,1,2,1,1,2,1,2,2,1,1,2,1,1,1,1,2,1,1,1,2,2,2,2,1,2,1,2,2,1,2,2,1,1,2,2,1,2,2,1,2,2,2,1,1,2,2,2,2,1,1,1,2,2,1,2,2,1,2,1,2,2,1,1,1,1,1,1,2,1,2,1,2,1,2,2,2,2,1,1,2,2,1,1,2,2,1,1,1,2,1,1,1,2,1,1,2,2,1,1,1,1,2,1,1,1,2,2,1,1,1,1,1,2,2
"Rhinophrynidae",1,1,2,1,2,1,1,1,1,1,2,1,2,1,2,1,1,1,1,1,2,2,2,2,1,1,2,2,2,1,1,1,2,1,2,1,2,1,2,2,1,1,2,1,2,2,1,1,1,2,1,1,1,2,2,2,1,2,2,1,1,2,1,1,2,1,1,1,2,1,2,2,1,1,2,1,2,1,2,2,2,1,1,2,1,2,1,1,1,1,1,2,1,2,1,1,2,1,1,2,1,2,1,2,1,1,1,1,2,2,2,2,2,1,1,2,1,1,1,1,1,2,1,1,1,2,2,2,1,1,2,2,2,1,2,1,1,1,2,2,1,2,1,2,1,1,2,2,2,1,2,2,1,2,1,1,1,1,1,1,2,2,2,1,2,1,1,2,2,1,1,2,2,1,1,2,2,1,1,1,1,2,2,2,2,1,1,1,1,2,2,1,1,1,2,1,2,1,2,1,2,1,2,1,2,2,2,2,2,1,1,2,1,2,1,1,2,2,1,1,2,1,2,1,1,2,1,2,1,2,1,2,2,2,1,2,1,2,1,1,2,1,2,2,2,1,2,2,1,1,1,2,1,1,1,2,2,2,1,1,2,1,2,2,2,2,2,1,1,1,1,1,2,2,1,2,2,2,1,2,1,2,2,1,1,1,1,2,2,1,1,2,1,2,1,2,2,1,2,1,2,1,1,2,1,2,1,2,1,1,2,1,2,1,1,2,2,1,1,1,2,1,1,1,1,2,2,1,2,1,1,2,2,1,2,2,1,2,1,2,1,2,1,1,1,1,1,2,2,2
"Hyloidea",1,1,2,1,2,1,1,2,1,1,2,1,1,1,2,1,1,1,1,1,2,1,2,2,1,2,2,2,1,1,1,1,2,1,2,1,2,1,2,1,1,1,2,1,2,1,1,2,1,2,2,2,2,2,2,1,1,2,1,1,2,1,1,1,2,1,1,1,1,1,2,2,2,2,1,1,2,1,1,2,1,1,1,2,2,2,1,1,1,1,1,2,2,2,1,1,2,2,2,1,1,2,1,1,1,1,1,2,1,2,1,1,2,1,2,1,1,1,1,1,1,1,1,1,1,1,1,2,1,1,1,1,2,1,2,2,1,2,1,2,1,1,2,1,1,1,2,1,2,2,1,1,1,2,1,1,1,2,1,1,2,2,2,1,2,1,1,1,2,1,2,2,2,1,2,1,2,1,1,1,1,2,1,2,2,1,1,1,1,1,1,1,1,1,1,1,2,2,2,1,2,2,2,1,2,1,2,1,1,1,1,1,1,2,2,1,2,2,2,1,1,1,2,1,1,1,1,2,1,1,1,2,1,2,2,2,2,2,1,1,1,2,2,2,1,1,2,2,1,2,1,1,1,2,1,2,2,2,1,1,1,2,2,2,2,2,1,1,1,1,2,1,2,1,1,2,2,2,1,2,1,2,2,1,1,1,1,2,2,1,2,1,2,2,2,1,2,1,2,1,1,1,2,1,1,1,2,2,1,1,1,1,2,2,1,2,1,1,1,1,2,2,1,1,2,2,2,2,2,1,1,2,2,1,2,1,1,1,1,2,1,2,1,1,1,1,1,2,2,2
"Calyptocephallidae",1,1,2,1,2,1,2,2,2,1,2,1,2,1,2,1,1,1,1,1,1,2,1,2,1,2,1,1,1,2,1,1,2,1,1,1,1,1,2,2,1,2,2,1,2,1,1,1,1,2,2,2,2,2,2,1,1,2,1,1,1,1,1,1,2,1,1,1,2,1,2,2,2,1,2,1,2,1,1,2,1,1,1,1,1,2,1,1,1,1,1,2,2,2,1,1,1,1,2,2,2,2,1,2,1,1,1,2,1,2,1,2,2,1,1,2,1,1,2,1,1,1,1,1,1,2,1,2,1,1,1,1,1,1,1,1,1,2,2,2,1,1,2,2,1,2,1,2,2,2,2,1,1,2,1,2,1,1,1,1,2,2,2,1,2,1,1,2,2,2,1,2,1,1,1,2,2,1,1,1,1,2,2,2,2,1,1,1,1,2,2,1,1,2,2,1,2,2,2,1,2,2,2,1,2,1,2,1,1,1,1,1,1,2,1,1,2,2,2,1,1,1,2,1,1,2,1,2,1,2,1,2,1,2,1,2,1,2,1,1,1,2,2,2,2,2,2,2,2,1,1,2,1,2,1,2,2,2,1,1,2,2,2,1,1,2,1,2,1,1,2,1,2,2,2,2,2,1,1,2,1,1,2,2,1,1,1,1,2,1,2,1,1,2,1,2,2,1,2,1,1,2,1,2,1,1,1,2,1,1,2,1,2,2,1,2,2,1,1,2,2,2,1,1,2,2,2,2,2,1,1,1,2,1,1,2,1,2,1,1,1,2,2,1,1,1,1,2,1,1
"Myobatrachidae",1,2,2,1,1,1,1,2,1,1,2,1,1,1,2,1,1,1,1,2,2,1,2,2,1,2,1,1,1,1,2,1,2,1,2,1,2,1,1,1,1,2,2,1,1,2,1,2,1,2,2,1,2,2,2,1,1,2,1,1,1,2,1,1,2,1,1,2,2,1,2,2,1,1,1,2,2,1,1,2,1,1,2,1,2,2,1,1,1,1,1,2,2,2,2,1,2,1,2,2,2,1,1,2,2,1,1,1,1,2,1,2,2,1,2,2,1,1,1,1,1,1,1,1,1,2,1,2,2,1,1,2,1,1,1,1,1,1,2,2,1,1,1,1,1,1,1,2,2,2,1,1,1,2,1,2,1,1,1,1,1,2,2,1,1,1,1,2,2,2,2,2,1,1,1,2,2,1,1,1,1,2,2,2,2,1,1,1,1,2,2,2,1,2,1,1,2,1,2,1,2,1,2,1,2,1,2,1,2,2,1,1,2,2,1,1,2,2,2,2,2,1,2,1,1,2,1,2,2,1,1,2,1,1,2,2,1,2,1,1,1,2,2,2,1,2,1,1,2,1,1,1,2,2,1,2,2,2,1,1,2,2,2,1,2,2,1,1,1,1,2,1,2,2,1,1,2,1,1,2,2,2,2,1,1,1,1,1,2,1,2,1,1,2,1,2,1,1,2,1,2,1,1,2,1,2,1,1,1,1,1,1,2,2,1,2,2,1,1,2,2,2,1,1,1,1,2,2,2,1,1,2,2,1,1,2,1,2,1,2,1,2,1,1,1,1,1,2,2,2
"Heleophrynidae",1,2,2,1,2,1,1,1,2,1,2,1,1,1,2,1,1,1,1,2,2,2,2,2,1,2,1,2,1,1,1,1,2,1,1,1,2,1,2,2,1,1,2,1,2,1,1,1,1,2,2,2,2,2,2,1,1,2,1,2,2,1,1,1,2,1,1,1,1,1,2,2,2,2,2,1,2,1,1,2,1,1,1,1,1,2,1,2,2,1,1,2,2,2,1,1,2,2,1,2,2,2,1,2,2,1,1,2,2,2,1,2,1,1,1,2,1,1,2,1,1,1,1,1,1,1,2,2,1,1,1,1,1,1,1,1,2,1,2,2,1,1,2,2,1,2,1,2,2,2,2,2,1,2,1,2,2,1,1,2,2,2,2,1,2,1,1,1,2,2,1,2,1,1,1,2,2,1,1,1,1,2,2,2,2,1,1,1,1,2,1,1,1,2,2,1,2,2,2,1,2,2,2,1,2,2,2,1,2,1,1,1,2,2,1,1,1,2,2,1,1,1,2,1,1,2,1,1,1,1,1,2,1,1,2,2,1,2,1,1,2,2,2,2,2,1,1,1,2,1,1,2,1,2,1,2,2,2,1,1,2,1,1,2,1,2,1,1,1,1,1,1,2,1,1,2,2,1,1,2,2,1,2,2,1,1,1,2,2,1,2,1,1,2,1,2,1,1,1,1,2,2,1,2,1,1,1,1,2,1,2,1,2,2,1,2,1,1,1,2,2,2,1,1,2,2,2,2,2,1,1,2,2,1,2,1,1,2,2,2,1,2,2,1,1,1,1,1,2,1
"Sooglossidae",1,2,2,1,1,1,1,2,2,1,1,1,2,1,1,1,1,2,1,2,2,1,2,2,1,2,1,1,1,2,2,1,2,1,2,1,2,1,2,2,1,2,1,1,1,1,2,1,1,2,1,1,1,2,1,1,1,2,1,1,1,2,1,1,2,2,1,1,2,1,2,2,2,1,1,1,2,1,2,2,1,1,1,1,2,2,1,1,1,1,1,1,2,2,1,1,1,1,2,1,1,2,1,1,2,1,1,1,1,2,2,2,2,1,2,2,1,1,2,1,1,1,1,1,1,2,2,2,2,1,1,2,2,1,2,1,2,1,2,2,1,1,2,2,1,2,1,2,2,2,1,2,1,1,1,2,1,2,1,1,1,2,2,1,2,1,1,2,1,1,1,2,1,1,2,2,2,1,1,1,1,2,2,2,2,2,1,1,1,1,1,1,1,1,2,1,2,1,2,1,2,1,2,1,2,2,1,1,2,1,1,1,1,2,1,2,2,2,1,1,1,1,2,1,1,1,1,2,2,1,1,2,1,2,2,2,2,2,1,1,2,2,2,2,2,1,2,1,2,1,1,2,1,2,1,2,2,2,1,1,1,2,2,1,2,2,1,1,1,2,1,1,2,2,1,2,2,1,1,2,1,1,2,1,1,1,1,2,2,1,2,2,2,2,2,2,1,1,1,1,2,1,2,2,1,2,1,1,1,1,1,1,2,2,1,2,1,1,1,1,2,2,1,2,1,1,1,2,2,1,1,2,2,1,1,1,1,1,2,2,1,2,1,1,1,1,1,1,1,1
"Ranoidea",1,2,2,1,2,1,2,2,1,1,2,1,2,1,2,1,1,1,1,1,2,2,1,2,1,2,1,1,1,2,1,1,2,1,2,1,1,1,2,1,1,1,2,1,1,1,1,2,1,2,2,2,2,2,2,1,1,2,1,1,1,1,1,1,2,1,1,1,1,1,2,2,2,2,2,1,2,1,2,2,1,1,1,2,1,1,1,1,2,2,1,2,2,2,2,1,1,1,2,1,1,1,2,2,2,1,1,1,1,1,1,2,2,1,1,2,1,1,2,1,1,1,1,1,1,2,2,2,1,1,1,2,1,1,1,1,1,1,2,2,1,1,2,2,1,2,1,1,2,2,1,1,1,2,1,1,1,1,1,2,2,2,2,1,2,1,1,1,2,2,2,2,2,1,1,2,2,2,1,1,1,1,2,2,1,1,1,1,1,1,1,1,1,1,2,1,1,2,2,1,2,1,1,1,2,1,2,1,2,2,1,1,1,1,1,2,2,2,1,1,2,1,1,1,1,1,1,2,2,1,2,1,1,1,1,2,1,2,1,1,1,2,2,1,2,2,1,1,1,1,1,2,1,2,1,2,2,1,1,1,2,1,2,2,2,2,1,1,1,2,1,1,2,2,1,2,2,1,1,2,1,2,2,2,1,1,1,2,2,1,1,1,2,2,1,2,1,1,1,1,2,1,2,2,1,1,1,1,1,1,2,1,1,2,1,2,2,1,1,2,2,2,1,1,1,2,2,2,2,1,2,2,2,1,2,1,1,2,1,2,1,2,1,1,1,1,1,2,1,2
"Scaphiopodidae",1,1,2,1,1,1,1,2,1,1,2,1,1,1,1,1,1,1,1,2,1,1,2,2,1,2,2,1,1,2,2,1,2,1,1,1,2,1,1,2,1,1,1,1,1,2,1,2,1,2,2,1,1,1,2,1,1,2,2,1,1,2,2,1,2,1,1,1,1,1,1,2,1,1,2,1,2,1,2,2,1,1,1,1,2,1,1,2,1,1,1,1,2,2,2,1,1,1,1,2,1,2,2,2,2,1,1,1,1,2,2,1,2,1,1,1,1,1,1,1,1,1,1,1,1,1,1,1,1,1,1,1,2,1,2,1,2,2,2,2,1,1,2,1,1,1,1,2,2,1,2,2,1,2,1,2,2,2,1,1,1,1,2,1,2,1,1,1,2,1,1,1,2,1,2,1,2,1,1,1,1,2,1,1,2,2,1,1,1,2,1,1,1,1,2,1,2,1,2,1,2,2,2,2,2,1,2,2,2,1,1,1,2,2,2,1,1,2,1,1,1,1,2,1,1,2,1,2,1,2,1,2,1,2,1,2,2,2,1,1,2,2,2,2,1,1,1,1,2,1,1,2,1,2,1,2,2,2,1,2,2,1,2,2,2,2,2,1,1,1,1,1,2,1,2,2,2,1,1,2,1,1,2,1,1,1,1,2,2,1,2,2,1,2,1,2,2,2,1,1,2,2,1,1,1,1,1,1,2,1,1,1,2,1,1,2,2,1,1,2,2,2,1,1,1,2,1,1,2,1,1,2,1,1,2,2,1,2,1,1,1,2,1,1,1,1,1,2,2,2
"Pelobatidae",1,1,2,1,1,1,1,2,1,1,2,1,1,1,2,1,1,1,1,1,1,2,2,2,1,1,1,1,1,1,2,1,2,1,2,1,1,1,2,2,1,2,2,1,1,2,1,2,1,2,1,1,1,1,2,1,1,1,2,1,1,2,1,1,2,2,1,2,1,1,2,2,1,1,2,1,2,1,2,2,1,1,1,2,1,1,1,2,2,2,1,1,2,2,1,2,1,2,1,2,1,2,2,1,2,1,1,1,1,2,2,2,1,1,2,1,1,1,2,1,1,1,1,1,1,2,2,1,1,1,1,1,2,1,1,2,1,2,2,2,1,1,2,1,1,1,1,2,1,1,2,1,1,2,1,2,1,2,1,1,1,2,2,1,1,1,1,1,2,2,1,2,2,1,1,1,2,1,1,1,1,2,1,2,2,1,1,1,1,2,2,1,1,1,2,1,2,1,1,1,2,2,2,2,1,1,2,2,1,2,1,1,1,2,1,1,2,1,1,1,1,1,2,1,1,1,1,2,1,2,2,2,1,1,1,2,2,2,1,1,2,2,2,2,2,1,2,1,2,1,1,2,2,2,1,2,2,2,2,1,2,1,2,2,1,2,1,2,1,1,1,1,2,2,2,2,2,1,1,2,2,2,2,2,1,1,1,1,2,1,2,2,1,2,2,2,1,1,1,1,2,1,2,2,1,2,1,1,2,1,2,2,1,1,1,2,2,1,1,2,2,1,1,1,2,2,1,1,2,1,1,1,2,1,2,1,1,2,2,2,1,2,1,1,1,1,1,1,2,2
"Megophryidae",1,1,2,1,2,1,1,2,2,1,2,1,1,1,2,1,1,1,1,2,1,1,2,2,1,1,2,1,2,1,2,1,2,1,2,1,2,1,1,1,1,1,1,1,2,2,1,2,1,2,1,2,2,1,2,1,1,2,1,1,1,2,1,1,1,2,1,1,2,1,1,2,2,1,1,1,2,2,2,2,1,1,1,2,2,1,1,1,2,1,2,1,2,2,2,2,1,1,1,2,2,2,1,2,2,1,1,2,2,2,1,2,2,1,2,2,1,1,1,1,1,2,1,1,1,1,2,1,1,1,2,2,1,1,1,1,2,1,2,2,1,1,2,1,1,2,1,1,1,1,2,2,1,2,1,1,1,1,1,2,2,1,2,1,2,1,1,2,1,2,1,2,1,1,2,1,2,1,1,1,1,2,1,1,2,1,1,1,1,2,2,2,1,1,1,1,2,1,2,1,2,1,2,2,2,2,1,2,2,1,1,1,2,2,1,2,1,2,1,2,1,1,2,1,1,2,1,2,1,1,1,2,1,2,1,2,2,2,1,1,1,2,2,2,2,1,2,2,1,2,1,2,1,1,1,2,2,2,2,1,2,1,2,2,2,2,1,1,1,1,2,1,2,1,2,2,1,2,1,2,2,1,2,1,1,2,1,2,2,1,2,1,1,2,1,2,1,1,1,1,2,2,2,2,1,2,2,1,1,1,2,2,1,1,1,2,1,1,1,2,1,1,1,1,1,1,1,1,2,1,1,2,1,1,2,1,1,2,1,2,1,2,1,1,1,2,1,1,1,2
"Pelodytidae",1,1,2,1,2,1,1,2,2,1,2,1,1,1,1,1,1,1,2,2,2,1,2,2,1,1,2,2,1,1,2,1,2,1,2,1,2,1,2,2,1,1,2,1,1,1,1,2,1,2,1,2,1,1,1,1,1,2,2,1,2,1,1,1,2,1,1,2,1,1,1,2,2,1,1,1,2,1,2,2,1,1,1,1,2,1,1,2,1,1,1,2,2,2,2,1,1,1,1,1,1,2,1,2,2,1,1,2,1,2,2,2,1,1,2,1,1,1,1,1,1,2,1,1,1,1,1,1,2,1,1,2,2,1,2,2,2,2,2,2,1,1,2,1,1,1,1,1,2,2,2,1,1,2,1,1,1,2,1,1,1,1,2,1,2,1,1,2,2,2,1,2,1,1,2,2,2,1,1,1,1,2,1,1,2,1,1,1,1,2,2,1,1,1,1,2,2,1,2,1,2,1,2,2,1,1,2,2,2,1,1,1,2,2,2,1,2,2,1,1,1,1,2,1,1,1,1,2,1,2,1,2,1,2,2,2,2,2,1,1,1,2,2,1,2,1,2,1,2,1,1,2,1,2,1,2,2,2,1,1,1,1,2,2,2,2,2,1,1,2,2,1,2,1,1,2,2,2,1,2,2,2,2,1,1,1,1,1,2,1,2,2,2,2,2,1,1,1,1,1,2,2,2,1,1,2,1,2,2,1,2,1,1,1,1,2,2,1,1,2,2,1,1,1,2,2,1,1,1,1,1,2,2,1,1,2,1,2,1,1,1,2,2,1,2,1,1,2,2,2
"Ascaphidae",1,1,2,1,2,1,1,2,1,1,1,1,2,1,2,1,1,1,1,1,2,2,2,2,1,1,1,2,2,1,2,1,2,1,1,1,1,1,2,1,1,2,2,1,1,2,2,1,1,2,1,1,1,2,2,2,1,2,1,2,2,2,1,1,2,1,1,1,1,1,1,2,2,1,2,1,1,1,2,2,2,1,1,2,2,2,1,1,1,1,1,2,2,1,1,1,1,2,1,2,1,2,1,2,2,1,1,2,1,2,1,2,2,1,1,1,1,1,1,1,1,1,1,1,1,2,2,1,2,1,1,2,1,1,2,2,1,2,2,2,1,1,1,2,1,1,1,1,2,1,2,2,1,2,1,2,1,2,1,1,1,2,2,1,2,1,1,2,1,1,1,2,1,1,1,2,2,1,1,1,1,2,1,2,2,1,1,1,1,2,2,1,1,2,2,1,2,2,1,1,2,2,2,1,2,1,2,1,1,2,1,2,2,2,2,1,2,2,1,1,1,2,2,2,1,1,1,1,1,1,1,2,1,2,2,2,1,2,1,1,2,2,2,2,2,1,2,2,2,1,1,2,1,1,1,2,2,1,1,1,2,1,2,2,1,2,1,2,2,1,2,1,2,2,2,2,2,2,1,1,1,1,2,1,1,1,1,2,1,1,1,1,1,2,1,2,1,1,2,1,2,2,1,2,1,2,1,2,1,1,2,1,2,2,1,2,2,1,1,2,2,2,1,1,1,2,2,1,2,1,1,2,1,1,1,1,2,1,1,2,1,2,2,1,1,1,1,1,2,1
"Leiopelmatidae",1,2,2,1,2,1,1,2,2,1,1,1,2,1,1,1,1,1,1,1,2,1,2,2,1,1,1,2,1,1,2,1,2,1,1,1,1,1,2,2,1,1,1,1,2,2,1,2,1,2,1,2,2,2,2,1,1,2,2,1,1,1,2,1,2,1,1,1,2,1,1,2,2,2,1,1,2,2,2,2,1,1,1,1,1,2,1,1,2,2,1,1,2,2,1,1,2,1,1,1,1,1,1,2,1,1,1,1,1,2,1,2,2,1,1,1,1,1,1,1,1,1,1,1,1,2,2,1,1,1,1,1,2,1,2,1,1,1,2,2,1,1,2,2,1,2,1,2,2,1,2,2,1,2,1,2,1,2,1,1,1,1,2,1,2,1,2,2,1,1,1,2,2,1,1,1,2,2,1,1,1,2,2,2,2,1,1,2,1,2,1,1,1,1,1,1,2,1,2,1,2,1,2,1,2,1,2,2,1,2,1,2,1,2,2,1,2,2,1,1,2,1,2,1,1,1,1,1,2,2,2,2,2,2,2,2,1,1,1,1,2,2,2,1,2,1,2,1,2,1,1,2,1,1,1,2,2,2,1,1,1,1,2,1,2,2,1,1,1,1,2,1,2,2,2,2,2,2,1,2,1,2,2,2,1,1,1,2,2,1,1,1,1,2,1,1,2,1,2,1,2,1,1,2,1,1,1,2,1,2,2,1,1,1,1,2,2,1,1,2,2,2,1,1,2,2,2,1,1,1,1,2,1,1,1,2,1,2,1,2,1,2,2,1,1,1,1,1,2,1
"Karaurus",1,1,2,1,2,1,2,1,2,1,1,1,2,1,1,1,1,1,1,2,2,1,1,2,1,2,1,1,2,1,1,1,2,1,2,1,1,1,1,1,1,2,2,1,1,1,1,2,1,2,2,1,2,2,1,1,1,2,2,1,2,1,2,1,2,1,1,2,1,1,1,2,2,1,2,2,1,1,1,2,2,1,1,2,1,1,1,1,2,1,1,1,1,2,2,2,2,2,2,2,2,2,2,1,2,1,1,2,2,1,2,1,1,1,2,2,1,1,2,2,1,1,1,1,1,1,2,1,1,1,1,2,1,1,2,1,1,2,2,2,1,1,2,2,1,2,1,1,2,2,1,1,1,2,1,1,1,1,1,1,1,1,2,1,1,1,1,1,2,1,1,1,1,1,1,2,2,2,1,1,1,2,2,2,1,2,1,1,1,1,2,1,1,1,2,1,1,1,1,1,2,1,2,1,2,1,2,2,2,1,1,1,1,2,2,1,1,2,1,1,1,1,2,1,1,2,1,1,2,2,1,1,1,1,2,2,1,1,1,1,1,2,2,1,1,2,1,2,2,2,1,1,1,1,1,2,2,1,1,1,2,1,2,1,1,2,1,2,1,1,1,1,2,2,2,2,2,2,1,2,2,2,1,2,2,1,2,1,1,1,1,1,1,2,2,1,1,2,1,1,1,2,2,2,1,2,2,2,1,1,2,1,2,2,1,2,1,1,1,1,1,2,1,1,1,2,1,1,2,1,1,1,1,1,1,2,2,1,1,2,1,2,1,1,1,1,1,2,1,1
"Hynobiidae",1,1,2,1,1,1,2,1,1,1,1,1,1,1,1,1,1,1,1,2,2,1,2,2,1,2,2,1,2,1,1,1,2,1,2,1,2,1,1,2,1,1,2,1,1,2,1,2,1,2,2,2,2,2,2,1,1,2,2,1,2,1,1,1,2,1,1,2,1,1,1,2,2,2,2,2,1,1,1,2,2,1,1,2,1,1,1,1,2,1,1,2,1,2,2,2,2,2,2,2,1,2,2,1,1,1,1,2,1,1,2,1,1,1,2,2,1,1,2,2,1,1,1,1,1,1,2,1,2,1,1,2,1,1,2,1,1,1,2,2,1,1,2,2,1,2,1,1,2,2,1,2,1,2,1,1,1,2,1,1,1,1,2,1,2,1,1,1,2,1,1,1,1,1,1,2,2,2,1,1,1,2,2,2,1,1,1,1,1,1,2,1,1,1,2,1,1,1,1,1,2,1,1,1,2,1,2,2,1,1,1,2,1,2,2,1,1,2,1,1,1,1,2,1,1,1,1,2,2,2,1,1,1,2,1,2,1,1,1,1,2,2,2,2,2,2,1,2,2,2,1,1,1,1,1,2,2,1,1,1,2,1,2,1,2,2,1,2,1,2,1,1,2,2,1,2,2,2,1,2,2,2,1,2,2,1,2,1,1,1,2,1,1,2,2,1,1,2,1,1,1,2,2,2,1,2,1,2,1,1,1,1,2,2,1,2,1,1,1,1,1,2,1,1,1,2,1,1,2,1,1,1,2,1,1,1,2,1,1,2,1,2,1,1,1,1,1,2,2,1
"Cryptobranchidae",1,2,2,1,1,1,2,1,1,1,1,1,2,1,1,1,1,1,1,2,2,2,1,2,1,1,1,1,2,1,1,1,2,1,1,1,1,1,1,2,1,1,2,1,1,1,1,2,1,2,2,1,2,2,2,1,1,2,2,2,2,1,2,1,2,1,1,2,1,1,1,2,2,2,2,2,1,1,1,2,2,1,1,2,1,1,1,1,2,1,1,1,1,2,1,2,1,2,2,2,2,2,2,1,1,1,1,2,2,1,2,1,1,1,1,2,1,1,2,2,1,1,1,1,1,1,2,1,2,1,2,1,1,1,2,1,1,2,2,2,1,1,2,1,1,2,1,1,2,2,1,1,1,2,1,2,1,2,1,2,1,2,2,1,2,1,1,1,1,1,1,1,1,1,1,1,2,2,1,1,1,2,2,2,1,1,1,1,1,1,2,1,1,1,1,1,1,1,2,1,2,1,2,1,2,1,1,2,2,1,1,2,2,2,2,1,1,2,1,1,2,1,2,1,1,1,1,1,2,1,2,1,1,2,2,2,1,1,1,1,2,2,2,2,2,2,2,2,2,2,1,1,1,2,1,2,2,2,1,1,2,2,1,1,2,2,2,1,1,2,2,1,2,2,1,2,2,1,1,2,1,2,1,2,2,1,1,1,1,1,1,1,1,2,2,1,1,2,1,1,1,2,1,2,1,2,1,2,1,1,1,1,2,1,1,2,1,1,1,1,1,2,1,1,1,2,2,1,2,1,1,1,2,1,2,1,2,1,1,2,1,2,2,2,1,1,1,1,2,1
"Sirenidae",1,1,2,1,2,1,2,1,1,1,1,1,2,1,2,1,1,1,1,2,2,2,1,2,1,1,2,1,2,2,1,1,2,1,1,1,1,1,1,1,1,2,2,1,1,1,1,2,1,2,2,2,2,2,2,1,1,2,2,1,1,2,1,1,2,1,1,2,1,1,1,2,1,1,1,1,1,1,1,2,2,1,1,1,1,1,1,1,2,1,1,1,1,2,1,2,2,1,2,2,1,2,2,1,1,1,1,2,1,1,2,1,2,1,2,1,1,1,2,2,1,1,1,1,1,1,1,1,1,1,1,2,1,1,2,1,1,2,2,2,1,1,2,2,1,1,2,2,2,2,1,2,1,2,1,2,1,1,1,2,1,1,2,1,2,1,1,1,1,2,1,1,1,1,1,2,2,1,1,1,1,2,2,2,1,1,1,1,1,2,1,1,1,2,1,1,1,1,1,1,2,1,2,1,2,2,2,2,2,2,1,1,2,2,2,1,1,2,1,1,2,1,2,1,1,2,1,2,2,2,2,1,1,1,1,2,1,1,1,1,2,2,2,2,2,2,2,2,1,2,1,2,2,1,1,2,2,1,1,1,2,2,2,2,1,2,2,1,1,2,2,1,2,2,1,2,2,1,1,2,1,2,2,2,2,1,2,1,1,1,1,1,1,2,2,2,2,2,1,1,1,2,2,2,1,2,1,2,1,1,2,1,2,1,1,2,1,1,1,2,2,2,1,1,2,1,1,1,2,1,1,1,2,1,1,2,1,1,1,2,1,2,2,1,1,1,1,2,2,1
"Proteidae",1,1,2,1,1,1,2,1,2,1,1,1,1,1,2,1,1,1,1,2,2,2,2,2,1,1,2,2,2,2,1,1,2,1,1,1,1,2,2,2,1,2,2,1,1,2,1,2,1,2,2,2,2,2,1,1,1,1,2,1,1,1,2,1,2,1,1,2,2,1,1,2,2,1,2,1,1,1,1,2,2,1,1,1,2,1,1,1,2,1,1,1,1,2,1,2,2,2,2,1,2,2,2,1,1,1,1,2,2,1,2,1,1,1,1,2,1,1,2,2,1,1,1,1,1,2,2,1,1,1,1,2,2,1,2,2,1,2,2,1,1,1,2,2,1,1,1,1,2,2,1,1,1,2,1,1,2,1,1,2,1,2,2,1,1,1,1,1,1,2,1,2,1,1,1,2,2,2,1,1,1,2,1,2,1,1,1,1,1,2,1,1,1,1,1,1,1,1,1,1,2,1,2,1,2,2,2,2,2,2,1,2,2,2,2,1,2,2,1,1,2,1,1,1,1,2,1,2,2,2,2,1,1,1,2,2,1,1,1,1,2,2,2,1,1,2,2,1,1,2,1,2,2,1,1,2,2,1,2,1,2,2,2,1,1,2,2,2,1,2,2,1,2,1,2,2,2,1,1,1,1,1,1,2,1,1,2,1,1,1,1,2,1,2,1,1,2,2,1,1,1,1,2,2,1,1,1,2,1,1,1,1,1,1,1,2,2,1,1,2,1,1,1,1,1,1,2,1,2,1,1,1,2,2,2,1,1,1,2,2,1,2,1,1,1,1,1,2,1,1
"Ambystomatidae",1,1,2,1,1,1,2,1,1,1,1,1,2,1,1,1,1,1,1,2,2,2,2,2,1,1,1,1,2,2,1,1,2,1,1,1,2,1,1,1,1,2,2,2,2,2,1,2,1,2,2,1,2,2,2,1,1,1,2,1,2,1,1,1,2,1,1,1,1,1,1,2,2,1,2,1,1,1,1,2,2,1,1,1,1,2,1,1,2,1,1,2,1,2,2,2,1,1,2,1,2,2,2,1,1,1,1,2,1,2,2,1,2,1,1,2,1,1,1,2,1,1,1,1,1,2,2,1,1,1,1,2,2,1,2,1,1,2,2,2,1,2,2,2,1,1,1,2,2,2,2,1,1,2,1,1,2,1,2,2,2,1,2,1,1,1,1,2,1,2,1,1,2,1,1,2,2,2,1,1,2,2,1,2,1,1,1,1,1,2,1,1,1,1,1,1,1,1,1,1,2,1,2,1,2,2,1,2,2,1,1,1,1,2,2,1,1,2,1,1,1,1,2,1,1,2,2,1,1,2,2,1,1,2,2,2,1,1,1,1,1,2,2,2,1,2,2,1,1,1,1,1,2,1,1,2,2,1,2,1,2,2,2,1,2,2,1,1,1,1,2,1,2,2,2,2,2,1,1,1,1,2,1,1,1,1,2,1,1,1,2,1,1,2,1,1,2,2,2,1,2,2,2,2,1,2,1,2,1,1,2,2,1,1,1,2,2,1,1,2,1,2,1,1,1,1,2,1,2,1,1,1,2,2,1,2,1,1,1,2,1,2,1,1,1,1,1,2,2,1
"Dicamptodontidae",1,1,2,1,1,1,2,1,2,1,1,1,2,1,1,1,1,1,1,2,2,2,2,2,1,1,2,1,2,1,1,1,2,1,1,1,2,1,1,2,1,1,2,2,1,1,1,2,1,2,2,2,2,2,2,1,1,2,2,1,2,1,1,1,2,1,1,1,1,1,1,2,2,1,2,2,1,1,1,2,2,1,1,2,2,2,1,1,2,1,1,2,1,2,2,2,2,1,1,2,2,2,2,1,1,1,1,2,2,1,2,2,2,1,1,2,1,1,2,2,1,1,1,1,1,1,2,1,1,1,1,2,2,1,2,1,1,2,2,2,1,2,2,1,1,2,1,1,2,2,2,2,1,2,1,2,2,1,2,2,1,2,2,1,1,1,1,2,1,2,1,1,2,1,1,2,2,1,1,1,1,2,1,1,1,1,1,1,1,2,1,1,1,1,2,1,1,1,1,1,2,1,2,1,2,2,2,2,1,1,1,2,2,2,2,1,1,2,1,1,1,1,2,1,1,1,2,1,1,1,1,1,1,1,2,2,1,1,1,1,2,2,2,2,1,2,2,1,1,2,1,2,2,1,1,2,2,2,2,1,2,2,2,1,1,2,1,1,1,1,2,1,2,2,2,2,2,1,1,1,1,2,1,2,1,1,2,1,1,1,2,1,1,2,1,1,2,2,2,1,1,1,2,2,1,2,1,2,1,1,2,1,1,2,1,2,1,1,1,2,1,2,1,1,1,2,2,1,2,1,1,1,2,2,1,2,1,1,1,2,1,2,2,2,1,1,1,2,1,1
"Salamandridae",1,1,2,1,2,1,2,1,1,1,1,1,2,1,2,1,1,1,1,1,2,2,1,1,1,1,1,1,2,2,1,1,2,1,1,1,2,1,2,2,1,1,2,1,1,2,1,2,1,2,2,2,2,2,1,2,1,2,2,1,1,1,1,1,2,1,1,2,1,1,2,2,2,1,2,1,2,1,1,2,2,2,1,2,1,1,1,1,1,1,1,1,1,2,2,2,2,1,2,1,1,2,1,1,2,1,1,2,1,1,1,1,2,1,1,2,1,1,2,2,1,1,1,1,1,2,1,1,1,1,1,2,1,1,2,1,1,2,2,2,1,1,2,2,1,2,1,2,2,2,1,2,1,1,1,2,2,2,1,2,2,2,2,1,2,1,2,1,2,2,1,1,1,1,1,1,2,2,1,1,1,2,1,2,1,1,1,1,1,2,1,1,1,1,2,1,1,1,1,1,2,1,2,1,2,1,1,2,1,1,1,1,1,2,2,1,1,2,1,1,2,1,2,1,2,2,1,1,1,1,1,1,1,2,1,2,2,1,1,1,2,2,2,2,1,2,2,2,1,2,1,2,2,1,1,2,2,1,1,1,2,2,2,1,1,2,1,2,1,1,1,1,2,1,1,2,2,1,1,1,1,2,1,1,1,1,1,1,1,1,2,1,1,2,2,1,2,1,2,1,1,1,1,2,1,2,1,2,1,1,1,1,2,1,1,2,2,1,1,2,1,2,1,1,1,1,2,1,2,1,1,2,2,2,1,1,1,1,2,2,1,2,1,1,1,1,1,1,1,2
"Amphiumidae",1,1,2,1,1,1,2,1,1,1,1,1,2,1,2,1,1,1,1,2,2,2,1,2,1,1,1,2,2,2,1,1,2,1,1,1,1,1,2,2,1,2,1,1,1,2,1,2,1,2,2,2,1,2,2,1,1,2,2,2,2,1,2,1,1,1,1,2,1,1,2,2,2,2,1,1,2,1,1,2,2,1,1,2,1,1,1,1,1,1,1,1,1,2,2,2,2,2,2,1,1,1,2,1,1,1,1,2,2,1,2,2,1,1,2,2,1,1,2,2,1,2,1,1,1,1,2,1,2,2,1,1,1,1,2,1,1,2,2,2,1,1,2,2,1,1,1,1,2,2,2,2,1,2,1,2,1,2,1,2,2,2,2,1,2,1,1,1,1,1,2,1,2,1,1,1,2,2,1,1,1,2,1,1,1,1,1,1,1,2,1,1,1,2,1,1,1,1,1,1,2,1,2,1,2,2,1,1,1,2,1,2,1,2,2,1,1,2,1,1,2,1,2,1,1,1,1,2,1,2,2,1,1,1,1,2,1,1,1,1,2,2,2,1,1,2,1,1,1,2,1,2,2,1,1,2,1,2,1,1,2,2,2,1,2,2,2,1,1,1,2,1,2,1,2,2,2,1,1,2,1,2,1,2,1,1,1,1,2,1,1,2,1,2,2,1,2,2,1,1,2,1,2,1,1,2,1,2,1,1,2,2,2,1,1,2,2,1,1,2,1,2,1,1,1,1,2,1,2,1,1,1,2,2,1,2,1,2,1,2,1,2,1,1,1,1,1,1,1,1
"Hemidactylinae",1,2,2,1,1,1,2,1,2,1,1,1,2,1,2,1,1,1,1,2,2,1,1,2,1,1,1,2,2,1,2,1,2,1,1,1,1,1,2,1,1,2,2,2,1,1,1,2,1,2,2,2,2,2,2,1,1,2,2,1,1,2,1,1,1,1,1,2,2,1,2,2,1,2,1,1,2,1,1,2,2,1,1,2,1,1,1,1,2,1,1,1,1,2,2,2,1,2,2,1,2,2,2,1,1,1,1,2,2,1,1,1,2,1,2,2,1,1,2,2,1,1,1,1,1,1,2,1,1,2,1,2,1,1,2,1,1,2,2,2,1,1,2,2,1,1,1,2,2,2,2,1,1,2,1,1,1,2,1,1,1,2,1,1,2,2,1,2,1,1,1,2,2,1,1,1,2,2,1,1,1,2,1,2,1,1,1,1,1,2,1,1,1,2,1,1,1,1,1,1,2,1,2,1,2,2,2,2,1,2,1,2,1,2,2,1,2,2,1,1,1,1,2,1,1,1,1,1,1,2,2,1,1,2,2,2,1,1,1,1,2,2,2,2,1,2,2,2,2,2,1,1,2,1,1,2,1,1,1,1,2,1,2,1,1,2,2,2,1,1,2,1,1,1,2,2,2,2,1,1,2,2,1,2,1,1,2,1,2,1,1,1,1,2,1,1,1,2,1,1,1,1,2,2,1,2,1,2,2,1,2,2,1,1,1,2,1,1,1,2,1,1,1,1,1,1,2,1,2,1,1,1,2,2,1,1,1,2,2,2,1,2,2,1,1,1,1,1,2,1
"Spelerpinae",1,1,2,1,1,1,2,1,1,1,1,1,2,1,1,1,1,1,1,2,2,1,1,2,1,1,1,2,2,1,2,1,2,1,1,1,1,1,2,1,1,1,1,2,1,2,1,2,2,2,2,2,2,2,2,1,1,2,2,1,1,1,2,1,1,1,1,2,2,1,2,2,2,2,1,1,2,1,1,2,1,1,1,1,2,1,1,1,2,1,1,1,1,2,1,2,1,2,2,1,1,2,2,1,1,1,1,2,2,1,1,1,2,1,2,1,1,1,2,2,1,1,1,1,1,1,1,1,2,2,1,1,1,1,2,2,1,2,2,2,1,1,2,2,1,1,1,1,2,2,2,2,1,2,1,2,1,2,1,2,2,2,1,1,1,1,1,2,1,1,2,2,1,1,2,1,2,2,1,1,1,2,1,1,1,1,1,1,1,2,1,1,1,2,2,1,1,1,1,1,2,1,2,1,2,1,2,2,1,2,1,2,1,2,2,1,1,2,1,1,2,1,2,1,1,1,1,2,1,2,2,1,1,2,1,2,2,1,1,1,2,2,2,2,1,2,2,1,2,2,1,1,2,1,1,2,1,1,2,1,2,2,2,1,2,2,2,2,1,1,1,1,2,2,2,2,2,1,1,1,2,2,1,2,2,1,2,1,2,1,1,1,1,2,1,2,1,2,1,1,2,1,2,2,1,2,1,2,1,1,2,1,2,1,1,2,1,1,1,2,1,2,1,1,1,2,2,1,2,1,1,1,2,2,2,1,1,2,2,2,1,2,2,1,1,1,1,2,2,1
"Bolitoglossinae",1,2,2,1,1,1,2,1,1,1,1,1,2,1,2,1,1,1,1,2,2,1,1,2,1,1,1,2,2,1,2,1,2,1,1,1,1,1,2,1,1,1,2,2,1,2,1,2,1,2,2,2,2,2,2,1,1,2,1,1,1,1,2,1,1,1,1,2,1,1,2,2,1,2,1,1,2,1,1,2,2,1,1,1,1,1,1,1,1,1,1,2,1,2,1,2,1,2,2,1,1,2,2,1,1,1,1,1,2,1,1,1,2,1,2,1,1,1,2,2,1,1,1,1,1,2,2,1,2,2,1,2,2,1,2,1,1,2,2,2,1,1,2,1,1,1,1,2,2,2,2,2,1,2,1,2,1,2,2,2,1,2,2,1,1,1,1,2,2,1,1,2,1,1,1,2,2,2,1,1,1,2,1,2,1,1,1,1,1,2,1,1,1,1,1,1,1,1,1,1,2,1,2,1,2,2,2,1,1,2,1,2,1,2,2,1,1,2,1,1,2,1,2,1,1,1,1,1,1,2,1,1,1,1,2,2,2,1,1,1,1,2,2,2,1,2,2,2,2,2,1,1,2,1,1,2,1,1,2,1,2,2,2,1,1,2,1,2,1,1,1,1,2,1,1,2,2,1,1,1,2,1,1,2,1,1,1,1,2,1,1,1,1,1,2,1,1,2,1,1,1,2,2,2,1,2,1,2,1,1,2,1,2,2,1,2,2,1,1,1,1,2,1,1,2,2,1,1,2,1,1,1,2,2,1,1,1,2,1,2,1,2,1,1,1,1,1,1,2,1
"Plethodontinae",1,1,2,1,1,1,2,1,2,1,1,1,2,1,2,1,1,1,1,2,2,2,1,2,1,1,1,2,2,1,2,1,2,1,1,1,1,1,2,1,1,2,2,2,1,2,1,2,2,2,2,1,2,2,2,1,1,2,2,1,1,2,2,1,1,1,1,2,1,1,2,2,1,1,1,1,2,1,1,2,2,1,2,1,1,2,1,1,2,1,1,1,1,2,2,1,1,2,2,1,1,2,2,1,1,1,1,2,1,2,1,1,2,1,2,1,1,1,1,2,1,1,1,1,1,1,2,1,1,2,1,1,1,1,2,1,1,2,2,2,1,1,2,1,1,1,1,2,2,2,2,2,1,2,1,2,1,2,1,2,2,1,2,1,2,1,1,1,1,1,2,1,1,1,1,1,2,2,1,1,1,2,2,2,1,1,1,1,1,2,1,1,1,1,2,1,1,1,2,1,2,1,2,1,2,2,2,2,1,1,1,1,1,2,2,1,1,2,1,1,1,1,2,1,1,1,1,1,1,2,1,1,1,1,1,2,2,1,1,1,2,2,2,2,1,2,2,1,1,2,1,1,2,1,1,2,1,1,1,1,2,2,2,1,1,2,2,2,1,1,2,1,2,1,1,2,2,1,1,1,1,2,1,2,1,1,2,1,2,1,1,1,2,2,1,1,2,2,1,1,1,2,2,2,1,2,1,2,1,1,2,1,1,1,1,2,1,1,1,2,1,1,1,1,1,2,1,1,2,1,1,1,2,2,1,1,1,1,2,2,1,2,1,1,1,1,1,2,2,2
"Rhyacotritonidae",1,2,2,1,2,1,2,1,1,1,1,1,2,1,2,1,1,1,1,2,2,2,1,2,1,1,2,2,2,2,1,1,2,1,1,1,1,1,2,1,1,1,1,1,2,1,1,2,1,2,2,1,2,2,1,1,1,2,2,1,1,2,1,1,2,1,1,2,1,1,2,2,2,1,1,1,1,2,2,2,2,1,1,1,2,2,1,1,2,1,1,1,1,2,1,2,2,2,2,1,2,2,2,1,2,1,2,2,1,1,2,1,1,1,2,2,1,1,2,2,1,1,1,1,1,1,2,1,1,2,1,2,2,1,1,2,1,2,2,2,1,1,1,2,1,2,1,1,2,2,2,2,1,2,1,2,1,2,1,1,1,2,2,1,1,1,1,1,1,1,2,1,2,1,1,1,2,2,1,1,1,2,1,2,1,1,1,1,1,2,1,1,1,2,1,1,1,2,2,1,2,1,2,2,2,2,2,2,1,2,1,1,2,2,2,1,1,2,1,1,1,1,2,1,1,1,1,1,1,2,2,1,1,1,2,2,1,1,1,1,2,2,2,2,1,2,2,1,2,2,1,1,2,1,1,2,1,1,1,1,2,2,2,1,1,2,2,1,1,1,2,1,2,2,2,2,2,1,1,2,1,2,1,2,1,1,2,1,1,1,2,1,1,2,1,1,1,2,1,1,2,2,2,2,1,2,1,2,1,1,2,2,2,2,1,2,1,1,1,2,1,1,1,1,1,1,1,1,2,1,1,2,2,2,1,1,1,1,1,2,1,2,1,1,1,1,1,2,2,2
"Eocaecilia",1,1,2,1,1,1,1,2,2,1,1,1,2,1,2,1,1,1,2,1,2,1,1,2,1,2,2,1,2,1,2,1,1,1,2,1,1,2,2,1,1,2,2,2,1,2,1,1,2,2,2,1,2,2,2,2,1,2,2,2,1,2,1,1,2,2,1,2,2,1,1,2,2,1,2,1,1,1,1,2,1,1,1,2,2,2,1,1,2,1,1,2,2,2,2,2,2,2,2,2,1,2,2,2,1,1,2,2,1,1,1,2,2,1,1,2,1,1,1,1,1,2,1,1,1,1,1,2,1,1,2,2,2,1,2,2,1,2,2,2,1,1,2,2,1,2,1,1,2,2,2,2,1,2,1,1,1,2,1,1,1,2,2,1,2,1,2,1,1,2,1,2,2,1,1,2,2,2,2,1,1,2,2,2,2,2,1,1,1,2,2,1,1,1,1,1,1,2,1,1,2,2,1,2,2,1,1,2,2,1,1,1,2,2,2,1,2,2,2,1,2,1,2,1,1,1,1,2,1,2,2,1,1,2,1,1,2,1,1,1,2,2,2,2,1,1,2,1,2,1,1,1,1,1,1,2,2,2,1,2,2,1,1,1,1,2,1,1,1,1,2,1,2,2,2,2,2,1,1,1,2,2,1,1,1,1,2,1,2,1,1,1,1,2,1,1,1,1,2,1,2,2,2,1,1,2,1,2,1,1,2,2,2,1,1,2,1,1,1,1,2,2,1,2,2,1,1,1,2,1,1,2,2,1,2,2,1,2,2,2,1,2,2,1,1,1,1,1,1,1
"Rhinatrematidae",1,1,2,1,2,1,2,1,1,1,1,1,2,1,1,1,1,1,2,1,2,2,2,2,1,1,2,2,2,1,2,1,2,1,2,1,2,1,2,2,1,2,2,2,1,2,1,2,1,2,1,1,1,2,2,1,1,2,2,2,2,2,1,1,2,2,1,2,1,1,1,2,2,2,2,1,2,1,1,2,1,2,1,1,1,2,1,2,2,1,1,2,1,2,1,2,1,2,1,1,1,2,1,1,2,1,1,1,2,1,1,2,1,1,1,2,1,1,2,1,1,2,1,1,1,1,1,1,2,1,1,1,2,1,2,2,1,2,1,2,1,1,2,2,1,2,1,1,2,2,2,1,1,2,1,2,1,1,1,2,2,2,1,1,1,1,1,2,1,2,2,2,1,1,2,2,2,2,2,1,1,2,2,2,2,1,1,1,1,2,2,2,2,2,2,1,1,1,1,1,2,2,2,1,2,1,2,1,1,2,1,2,1,2,2,1,1,2,2,1,1,2,2,1,1,2,1,2,2,2,1,1,1,1,1,2,1,2,1,1,1,2,2,2,2,1,2,1,1,1,1,1,1,1,1,2,2,2,1,1,2,1,2,1,2,2,1,1,1,1,2,1,2,1,1,2,1,2,1,2,1,1,1,1,1,1,1,1,1,1,1,1,2,2,2,1,2,1,1,1,2,1,2,2,1,2,1,1,1,1,1,1,2,1,1,2,1,1,1,2,2,2,1,1,2,2,2,1,2,1,1,1,2,1,1,2,1,2,2,2,1,2,2,1,1,1,1,1,2,1
"Ichthyophiidae",1,1,2,1,2,1,2,2,1,1,1,1,2,1,1,1,1,1,2,1,2,2,1,2,1,1,2,2,2,2,2,1,2,1,1,1,1,1,2,2,1,1,2,2,1,1,1,2,1,2,1,1,1,2,1,2,1,2,1,1,1,2,1,1,2,2,1,2,1,1,2,2,2,2,2,1,2,2,2,2,1,2,1,1,2,2,1,2,2,1,1,2,1,2,1,2,2,1,1,1,1,2,1,1,1,1,1,1,1,2,1,2,1,1,1,1,1,1,2,1,1,2,1,1,1,1,2,1,1,1,1,2,2,1,2,2,2,2,1,2,1,1,2,2,1,2,1,2,2,2,2,1,1,2,1,1,1,2,1,2,2,2,1,1,1,1,1,1,1,2,2,1,1,1,2,2,2,2,2,1,1,2,2,2,2,1,1,1,1,2,2,2,2,1,2,1,1,1,1,1,2,2,2,1,2,1,2,1,2,2,1,1,1,2,2,1,2,2,2,1,2,1,2,1,1,2,1,2,1,2,1,1,1,2,1,2,1,1,1,1,1,2,2,1,2,2,2,2,1,1,1,2,2,1,1,2,2,2,2,1,1,1,2,1,2,2,1,1,1,2,2,1,2,1,2,2,1,2,1,2,1,1,1,1,1,1,1,1,1,1,1,2,1,2,2,1,2,2,1,1,2,1,2,2,1,2,1,1,1,1,1,1,2,1,1,2,2,1,1,2,2,2,1,1,2,2,2,1,2,1,1,1,2,1,2,1,1,1,2,2,1,2,1,1,1,1,1,1,1,2
"Typhlonectidae",1,1,2,1,2,1,2,2,2,1,1,1,2,1,2,1,2,1,2,1,2,2,2,2,1,2,2,2,1,2,2,1,2,1,2,1,1,1,2,2,1,2,1,2,1,1,1,2,1,2,1,2,1,2,2,2,1,2,2,1,1,2,1,1,2,2,1,2,1,1,1,2,2,2,2,1,2,1,1,2,1,2,1,1,1,2,1,2,2,1,1,2,1,2,2,2,2,2,1,1,1,2,1,1,1,1,2,1,2,2,2,1,1,1,1,2,1,1,2,1,1,2,1,1,1,2,1,1,2,1,1,1,2,1,2,2,2,2,2,2,2,1,2,2,1,1,1,1,2,2,2,1,1,2,1,1,1,1,1,2,2,2,1,1,1,1,1,1,1,1,2,1,1,1,2,2,2,2,2,1,1,2,1,1,2,1,1,1,1,2,2,2,2,2,1,1,1,1,1,1,2,2,2,1,2,2,1,1,2,1,1,2,1,2,2,1,2,2,2,1,2,1,2,1,1,1,1,1,2,2,2,1,1,2,2,2,1,1,1,1,1,2,2,1,2,2,2,2,2,1,1,1,2,1,1,2,2,2,1,1,2,2,2,1,2,2,1,2,1,2,2,1,2,2,1,2,1,1,1,2,1,2,1,1,1,1,1,1,1,1,1,2,2,2,2,1,1,1,1,1,2,1,2,1,1,2,1,1,1,1,1,2,2,1,1,2,1,1,1,2,2,2,1,2,2,1,2,1,2,1,1,1,2,1,2,2,1,1,2,2,1,2,1,1,1,1,1,1,2,1
"Caeciliidae",1,1,2,1,2,1,2,2,1,1,1,1,2,1,1,1,2,1,2,1,2,2,2,2,1,1,2,2,1,2,1,1,2,1,2,1,2,1,2,2,1,1,1,2,1,2,1,2,1,2,2,1,1,2,2,2,1,2,1,2,2,2,1,1,2,2,1,2,1,1,1,2,2,1,2,1,2,1,1,2,1,2,1,1,1,2,1,2,2,1,1,2,1,2,2,2,2,2,1,1,1,2,1,1,1,1,2,1,2,2,2,2,1,1,1,1,1,1,2,1,1,2,1,1,1,2,1,1,1,1,2,1,2,1,2,2,1,2,2,2,1,1,2,2,1,1,1,2,2,2,2,1,1,2,1,1,1,2,1,2,1,2,1,1,1,1,1,2,1,2,2,1,2,1,2,1,2,2,2,1,1,2,2,1,2,1,1,1,1,2,2,2,2,1,2,1,1,1,1,1,2,2,2,1,2,2,1,1,2,1,1,2,1,2,2,1,1,2,2,1,2,1,2,1,1,1,1,2,1,2,1,1,1,2,2,2,1,1,1,1,1,2,2,1,2,1,2,1,1,2,1,2,2,1,1,2,2,2,1,1,2,1,2,1,1,2,1,1,1,2,1,1,2,1,2,2,1,1,1,2,1,1,1,1,1,1,2,1,1,1,1,1,2,2,2,1,1,1,1,1,2,1,1,1,1,2,1,1,1,1,1,1,2,1,1,2,1,1,1,2,2,2,1,1,2,2,2,1,2,1,1,1,2,1,1,1,1,1,2,2,1,2,2,1,1,1,1,1,2,1
"Adelogyrinidae",1,1,2,1,1,1,1,2,2,1,2,1,1,1,2,2,1,1,1,2,2,2,1,2,1,1,2,2,2,2,2,1,1,1,1,1,2,1,2,2,1,2,2,2,1,1,1,2,2,1,1,2,1,2,1,1,1,2,1,2,2,1,2,1,1,2,1,2,2,1,1,2,1,1,1,2,1,1,1,2,2,2,2,1,1,1,1,1,2,1,1,1,1,2,2,2,2,2,1,2,1,2,1,1,2,1,1,2,1,1,1,2,2,1,2,1,1,1,2,1,1,1,1,1,1,1,1,2,2,1,2,2,1,1,2,1,1,2,1,2,1,1,2,2,1,1,1,1,2,1,2,2,1,1,1,2,2,2,1,2,2,2,1,1,2,2,1,1,1,2,2,2,2,1,2,2,1,1,1,1,1,2,2,2,1,2,2,1,1,1,1,1,1,2,1,1,2,2,1,1,2,1,2,1,2,1,2,1,1,2,1,2,2,2,2,1,1,2,2,1,1,1,1,1,2,1,2,1,2,2,2,2,1,1,1,2,1,1,1,1,2,2,2,1,1,2,2,2,1,1,1,2,2,2,1,2,1,2,2,1,2,2,2,1,2,2,2,2,1,1,1,1,1,2,1,1,2,2,1,1,2,2,1,2,1,1,2,1,1,1,1,2,2,1,1,2,1,2,1,1,2,2,2,2,1,2,1,2,2,1,2,2,1,2,1,2,1,1,1,2,2,1,1,1,1,1,2,1,2,1,1,2,2,1,2,1,1,1,1,2,1,1,2,2,1,1,1,1,1,2
"Microbrachis",1,2,2,1,1,1,1,2,1,1,2,1,1,1,2,2,1,1,1,2,1,2,1,2,1,1,2,1,2,1,2,1,1,1,2,1,1,1,2,1,1,2,2,1,1,2,1,2,1,1,1,1,1,2,2,1,1,2,1,2,2,1,1,1,1,2,1,2,2,1,2,2,1,2,2,2,1,1,1,2,1,2,2,2,1,1,1,1,1,1,1,1,1,2,2,2,2,1,1,2,1,2,1,2,2,1,1,2,2,1,1,2,2,1,2,1,1,1,2,2,1,1,1,1,1,1,1,1,1,1,2,1,1,1,1,2,1,2,1,2,1,1,1,1,1,2,1,1,2,1,1,2,1,2,1,1,1,2,1,2,1,2,1,1,2,2,1,1,1,2,2,2,1,1,1,1,1,1,1,1,1,2,1,1,1,2,1,1,1,1,1,1,1,2,2,1,2,2,1,1,2,1,2,1,2,1,2,2,2,2,1,1,2,1,2,1,1,2,2,1,2,1,1,1,2,1,2,1,2,1,1,2,1,2,1,2,1,2,1,1,2,2,2,2,1,2,2,2,1,2,1,2,2,1,1,2,1,2,2,1,2,1,2,2,2,2,2,1,1,1,1,1,1,1,2,2,2,1,1,1,1,2,1,1,1,1,2,2,1,1,1,1,2,2,2,1,1,2,2,1,2,2,1,2,1,1,1,2,1,2,2,2,2,1,1,2,1,1,1,2,2,2,1,1,1,2,1,1,2,1,1,2,2,1,1,1,1,1,2,2,1,1,1,1,1,1,1,1,1,1
"Pantylus",1,1,2,1,2,1,1,2,2,1,2,1,1,1,2,2,1,1,1,1,1,2,2,2,1,1,1,2,2,2,1,1,1,1,2,1,1,1,1,2,1,1,2,1,1,1,1,2,2,1,1,1,1,2,1,1,1,2,2,2,2,1,1,1,2,1,1,2,1,1,2,2,2,2,2,2,1,1,1,2,1,2,2,1,1,1,1,1,2,1,1,1,1,2,1,2,1,1,1,2,2,2,1,2,2,1,1,2,1,1,2,2,1,1,2,1,1,1,2,1,1,1,1,1,1,2,1,1,2,1,2,2,1,1,1,2,2,2,2,2,1,1,1,2,1,2,1,1,2,1,1,1,1,1,1,1,1,1,1,2,1,2,2,1,2,2,1,1,1,1,1,2,1,1,1,1,1,1,1,1,1,2,1,2,1,2,1,1,1,1,2,1,1,1,1,1,2,1,2,1,2,2,2,1,2,2,1,2,1,1,1,2,1,2,2,1,2,2,2,1,1,1,1,1,2,2,2,2,2,2,1,2,1,1,1,2,1,2,1,2,1,2,2,2,2,1,2,1,1,2,1,1,2,2,1,2,1,2,2,1,2,1,2,2,1,1,2,1,1,1,2,1,1,1,1,2,2,2,2,1,1,1,1,2,1,1,1,2,1,1,1,2,2,2,2,1,1,2,2,1,1,2,2,1,1,1,1,2,1,1,2,1,2,1,1,2,1,1,1,1,2,2,1,1,1,2,2,1,2,1,1,1,2,1,2,2,1,1,1,2,1,2,2,1,1,1,1,2,1,2
"Rhynchonkos",1,1,2,1,2,1,1,2,1,1,2,1,2,1,1,2,1,1,1,1,1,2,1,2,2,1,1,2,2,1,2,1,1,1,1,1,1,1,2,1,1,2,2,1,2,1,1,1,2,1,1,1,1,2,2,1,1,2,1,2,2,1,2,1,2,1,1,1,1,1,2,2,2,2,2,1,1,2,1,2,1,2,1,2,1,1,1,1,2,1,1,1,1,2,2,2,1,1,1,2,1,2,2,2,1,1,1,2,1,1,2,1,2,1,1,2,1,1,1,1,1,1,1,1,1,1,2,1,2,1,2,2,1,1,2,1,2,2,2,2,1,1,2,1,1,1,1,2,2,1,1,2,1,2,1,1,1,1,2,2,1,2,1,1,1,2,1,1,1,1,2,2,2,1,1,2,1,1,1,1,1,2,1,1,2,2,1,1,1,1,2,1,1,1,2,1,2,1,2,1,2,2,1,1,2,2,1,2,2,1,1,2,1,1,1,1,2,2,1,1,2,1,1,1,2,2,2,1,1,1,1,2,1,2,2,2,2,2,1,1,1,2,2,2,2,2,2,1,2,2,1,2,2,2,1,2,1,1,2,2,2,1,2,2,1,2,1,1,1,2,2,1,1,2,2,2,2,1,1,1,1,1,1,2,1,1,2,1,1,1,1,2,2,2,2,1,2,1,2,1,1,1,2,2,1,1,1,1,1,1,1,2,2,1,1,1,1,1,1,1,2,1,1,1,1,1,1,1,2,1,1,1,2,1,2,1,1,2,2,2,1,1,2,1,1,2,1,2,1,1
"Brachystelechidae",1,1,2,1,1,1,1,2,2,1,1,1,2,1,1,2,1,1,1,2,1,2,1,2,1,1,1,1,2,1,1,1,1,1,1,1,1,1,1,1,1,1,2,1,1,1,1,1,2,1,1,1,2,2,2,1,1,2,1,1,2,2,2,1,2,1,1,2,1,1,1,2,2,1,2,1,1,2,1,2,2,2,2,1,2,1,1,1,1,1,1,1,2,2,2,2,1,1,1,1,1,2,2,1,2,1,2,2,2,1,1,1,1,1,2,2,1,1,1,1,1,1,1,1,1,2,2,2,2,1,2,2,1,1,1,1,1,2,2,2,2,1,2,1,1,2,1,1,2,1,1,2,1,1,1,2,1,1,1,2,1,2,2,1,1,2,1,1,1,1,2,2,1,1,1,2,1,1,1,1,1,2,2,1,1,2,1,1,1,1,2,1,1,1,1,1,2,1,2,1,2,2,2,1,2,1,1,2,2,2,1,2,1,1,2,1,2,2,2,1,1,1,1,1,2,1,2,1,2,2,2,1,1,1,1,2,2,2,1,1,1,2,2,1,2,2,2,2,2,2,1,1,2,2,1,2,1,1,2,2,2,1,2,2,1,1,1,1,1,1,2,1,1,1,2,2,2,2,1,1,2,1,1,1,1,1,2,1,1,1,1,1,2,1,1,1,2,2,2,1,2,2,1,1,1,2,1,2,1,2,2,2,1,1,1,1,2,1,1,1,2,1,1,1,2,1,2,1,2,1,1,1,2,1,1,2,1,1,2,2,1,1,1,1,1,1,1,2,2,1
"Cardiocephalus",1,1,2,1,2,1,1,2,1,1,2,1,1,1,1,2,1,1,1,1,1,2,2,2,1,1,2,2,2,1,2,1,1,1,1,1,1,1,1,2,1,1,2,1,1,1,1,1,2,1,1,1,1,2,2,1,1,2,1,1,2,1,2,1,2,1,1,2,2,1,2,2,2,1,2,1,1,2,2,2,1,2,2,1,1,1,1,1,2,1,1,1,1,2,2,2,1,1,1,2,1,2,2,2,2,1,2,2,2,1,1,2,1,1,2,2,1,1,1,1,1,1,1,1,1,1,1,1,1,1,2,1,1,1,2,1,2,2,2,2,1,1,2,1,1,1,1,2,2,1,1,2,1,2,1,1,1,1,1,2,2,2,1,1,1,2,1,1,1,1,2,2,2,1,1,2,1,1,1,1,1,2,2,1,1,2,1,1,1,1,2,1,1,1,2,1,2,1,2,1,2,2,1,1,2,2,2,1,2,1,1,1,1,1,2,1,2,2,2,1,2,1,1,1,2,2,2,1,2,1,1,2,1,2,2,2,1,2,1,1,1,2,2,2,2,2,2,2,2,2,1,2,2,2,1,2,1,1,2,2,2,1,2,2,2,1,1,1,1,2,1,1,1,2,2,2,2,2,1,1,2,1,1,1,1,1,2,2,1,1,1,2,2,2,2,1,2,2,1,1,2,1,2,2,1,1,1,2,1,2,2,2,2,2,1,1,1,1,1,1,2,1,1,1,1,2,1,1,2,1,1,1,2,1,2,2,1,1,2,2,1,1,1,1,1,1,1,1,2,1
"Lysorophia",2,1,2,1,1,1,1,2,2,1,1,1,1,1,2,2,1,1,1,1,1,2,1,2,1,1,1,1,1,2,2,1,1,1,2,1,2,1,1,2,1,2,2,1,1,2,1,2,2,1,1,2,1,2,2,1,1,2,1,1,2,2,2,1,2,2,1,2,1,1,1,2,2,2,2,1,2,2,2,2,2,2,2,1,2,2,1,1,2,1,1,1,1,2,1,2,2,1,1,2,2,2,2,2,2,1,1,2,2,1,1,1,1,1,1,1,1,1,1,1,1,1,1,1,1,1,2,1,2,1,2,1,1,1,1,1,2,1,1,2,1,1,1,2,1,2,1,1,2,1,2,2,1,2,1,2,1,2,1,1,1,2,1,1,1,2,1,2,2,2,1,1,2,1,1,2,1,2,1,1,1,2,1,2,1,1,2,1,1,1,2,2,1,2,1,1,2,1,2,1,2,2,1,1,2,1,1,2,1,1,1,2,2,1,2,1,2,1,1,1,1,1,1,1,1,2,2,1,2,1,2,2,1,2,2,2,1,2,1,2,1,2,2,1,2,2,2,2,1,2,1,1,2,2,1,2,2,2,1,2,1,1,2,2,1,2,1,2,1,1,1,1,1,1,2,1,2,1,1,1,2,1,1,1,1,1,2,2,1,1,2,1,1,2,2,1,2,2,2,1,2,2,2,2,1,2,1,2,1,1,2,1,2,2,1,1,2,1,1,1,2,1,1,1,1,1,2,1,2,1,1,1,2,1,2,2,1,1,2,2,1,1,2,1,1,1,1,2,1,2
"Asaphestera",1,1,2,1,1,1,1,2,2,1,2,1,1,1,2,2,1,1,1,1,1,2,1,2,1,1,1,2,2,1,1,1,1,1,2,1,1,1,1,2,1,1,2,1,1,2,1,2,2,2,1,1,1,2,2,1,1,2,1,2,2,1,1,1,2,1,1,2,2,1,2,2,2,1,1,2,1,2,1,2,1,2,2,2,1,1,1,1,2,1,1,1,1,2,1,2,2,1,1,2,1,2,2,2,2,1,1,1,1,1,2,2,2,1,2,1,1,1,2,1,1,1,1,1,1,1,1,1,2,1,2,2,1,1,1,2,2,2,1,2,1,1,2,1,1,2,1,2,2,1,2,1,1,2,1,1,1,2,1,2,2,2,1,1,2,2,1,1,1,1,2,2,1,1,2,2,1,1,1,1,1,2,1,1,1,2,1,1,1,1,2,1,1,1,2,1,2,1,1,1,2,2,2,1,2,2,2,2,1,2,1,1,1,2,2,1,2,2,2,1,1,1,1,1,1,2,2,2,2,2,2,2,1,2,2,2,1,2,1,1,1,2,2,2,1,2,2,1,1,2,1,2,2,2,1,2,2,2,2,1,2,1,2,2,2,1,2,1,1,1,1,1,1,1,2,2,2,1,1,1,1,1,1,1,1,1,2,2,1,1,1,2,2,2,2,1,1,2,2,1,1,2,2,2,1,2,1,2,1,2,2,2,2,1,1,2,1,1,1,1,2,2,1,1,1,2,1,1,2,1,1,2,2,1,2,1,1,2,2,2,1,2,1,1,1,1,1,1,2,1
"Utaherpeton",1,1,2,1,1,1,1,2,2,1,2,1,1,1,2,2,1,1,1,1,1,2,1,2,1,1,1,1,2,1,1,1,1,1,2,1,2,1,2,2,1,1,2,1,1,2,1,2,2,2,1,1,1,2,2,1,1,2,1,2,2,1,1,1,1,1,1,2,2,1,2,2,2,1,1,2,1,2,1,2,1,2,2,2,2,2,1,1,2,1,1,1,1,2,2,2,2,2,1,2,2,2,2,2,2,1,1,2,2,1,2,2,1,1,2,1,1,1,2,1,1,1,1,1,1,1,1,1,2,1,2,2,1,1,1,2,2,2,2,2,1,1,2,1,1,2,1,2,2,1,2,2,1,2,1,1,1,2,1,2,1,2,1,1,2,2,1,1,1,2,2,2,2,1,1,2,1,1,1,1,1,2,1,1,1,2,1,1,1,1,2,1,1,2,2,1,2,1,1,1,2,2,2,1,2,2,2,2,1,2,1,2,1,2,2,1,2,2,2,1,1,1,1,1,2,1,2,2,2,1,1,2,1,2,2,2,1,2,1,1,1,2,2,2,1,1,2,1,2,2,1,2,2,1,1,2,1,2,2,1,2,1,2,2,1,2,2,1,1,2,1,1,1,2,1,2,2,2,1,1,1,1,1,1,1,1,2,1,1,1,1,2,2,2,2,1,2,2,2,1,1,2,2,2,1,1,1,2,1,2,2,2,2,1,1,2,2,1,1,1,2,2,1,1,1,2,1,1,2,1,1,1,2,1,1,2,1,2,2,2,1,1,1,1,1,1,1,1,1,1
"Nectridea",1,1,2,1,2,1,1,1,1,1,1,1,2,1,2,2,1,1,1,1,1,1,1,2,1,1,1,1,2,2,1,1,1,1,2,1,1,1,1,2,1,2,2,1,2,2,1,2,2,2,2,1,1,2,2,1,1,2,1,2,1,2,1,1,2,1,1,2,2,1,2,2,2,1,1,1,2,2,1,2,1,1,1,2,2,1,1,1,1,1,1,2,1,2,2,2,2,1,1,2,1,2,2,2,2,1,1,2,1,2,2,2,2,1,2,1,1,1,2,1,1,1,1,1,1,2,2,1,1,1,2,1,2,1,1,1,2,2,2,2,1,1,2,2,1,2,1,2,2,1,1,2,1,2,1,1,1,2,1,2,1,2,1,1,2,2,1,1,2,2,2,2,2,1,1,1,1,2,1,1,1,2,1,1,1,2,1,1,1,1,2,1,1,2,2,1,2,1,1,1,2,1,2,1,2,2,2,2,1,1,1,2,2,2,2,1,2,2,2,1,1,1,1,1,1,2,2,2,1,1,2,2,1,2,2,2,1,2,1,1,2,2,2,1,1,1,1,2,1,2,1,1,1,1,2,2,2,2,2,1,2,2,2,1,2,2,2,1,1,1,2,1,1,2,1,2,2,2,1,1,1,1,1,1,1,1,2,2,1,1,1,1,2,2,2,1,1,2,2,1,1,1,1,2,1,2,1,2,2,2,2,2,2,1,1,2,1,1,1,1,2,2,1,1,1,2,1,1,2,1,1,1,2,1,1,2,1,1,1,2,1,1,1,1,1,2,1,2,1,2
"Kotlassia",1,2,2,1,1,1,1,2,2,1,2,1,1,1,2,1,2,1,2,1,2,1,2,2,1,2,2,1,1,2,2,1,1,1,1,1,2,1,1,1,1,1,2,1,2,1,1,2,2,2,1,2,1,1,2,1,1,2,1,1,2,1,2,1,2,1,1,1,2,1,1,2,2,1,1,2,1,1,1,2,1,1,1,1,2,2,1,1,2,1,1,2,1,2,1,2,2,2,1,2,1,2,2,1,1,1,1,1,1,2,1,1,2,1,2,2,1,1,1,1,1,1,1,1,1,1,1,1,2,1,2,1,2,1,1,1,2,2,1,1,1,1,2,1,1,2,1,1,2,1,1,1,1,1,1,2,1,1,1,2,1,2,1,1,1,2,1,2,2,2,1,1,2,1,1,2,1,1,1,1,1,2,2,2,2,2,1,1,1,1,1,1,1,1,2,1,2,2,1,1,2,2,2,1,1,2,2,2,2,1,1,2,1,1,2,2,1,2,2,1,2,1,2,1,1,2,1,2,1,2,2,1,1,1,2,2,1,1,1,1,2,1,2,2,1,2,1,2,1,2,1,2,1,1,1,2,2,2,1,1,2,1,1,2,2,2,1,1,1,2,2,1,1,1,1,1,2,1,1,1,2,2,1,1,1,1,2,2,1,1,1,2,1,2,1,2,2,2,2,1,1,1,1,1,1,2,1,2,1,2,1,1,2,1,1,1,1,1,1,2,2,1,1,1,2,2,1,1,2,2,1,2,2,1,1,1,2,1,2,2,1,1,2,1,1,1,1,2,2,1
"Seymouria",1,2,2,1,1,1,1,1,1,1,2,1,1,1,1,1,2,1,2,1,2,1,1,2,1,2,2,1,1,2,2,1,1,1,1,1,2,1,1,2,1,2,2,1,2,2,1,2,2,2,1,2,1,1,2,1,1,2,1,2,2,1,1,1,2,2,1,1,2,1,1,2,2,1,1,2,1,2,1,2,2,1,1,2,1,2,1,1,2,1,1,2,1,2,2,2,2,2,2,1,1,2,2,1,1,1,2,1,2,2,2,1,2,1,2,1,1,1,1,1,1,1,1,1,1,1,1,2,1,1,1,2,2,1,1,1,1,2,1,2,1,1,2,1,1,2,1,2,2,1,2,2,1,2,1,1,2,2,1,2,1,2,2,1,2,2,1,1,2,2,1,1,1,1,1,1,1,1,1,1,1,2,2,2,2,2,1,1,1,2,1,1,1,1,2,2,2,2,1,1,2,1,1,1,1,2,1,1,2,2,1,1,2,1,2,2,2,2,2,1,1,1,1,1,1,2,1,2,1,2,1,1,1,2,1,2,2,1,1,1,2,2,1,2,1,2,1,2,1,1,1,2,1,1,1,2,2,2,1,1,2,1,1,2,2,2,1,1,1,1,2,1,1,2,1,1,2,1,1,1,2,2,1,1,1,1,2,2,1,1,2,2,1,2,2,2,2,2,2,1,1,2,1,1,1,2,1,2,1,2,1,1,2,1,1,2,1,1,1,2,1,1,1,1,2,2,1,1,2,1,1,2,2,1,1,1,2,1,1,2,1,1,1,1,1,1,1,2,2,2
"Ariekanerpeton",1,1,2,1,2,1,1,1,2,1,2,1,2,1,2,1,2,1,2,1,2,1,1,2,1,1,2,1,1,2,2,1,1,1,2,1,2,1,1,2,1,2,2,1,1,1,1,2,2,2,1,2,1,1,2,1,1,2,1,1,2,1,2,1,2,2,1,1,2,1,2,2,2,2,1,2,1,2,1,2,2,1,1,1,2,2,1,1,2,1,1,2,1,2,2,2,1,1,2,1,1,2,2,1,1,1,2,1,2,2,1,1,2,1,2,2,1,1,1,1,1,1,1,1,1,1,1,2,1,1,1,1,2,1,1,1,1,2,1,2,1,1,2,1,1,1,1,2,2,1,2,1,1,2,1,1,2,1,1,2,1,2,1,1,2,2,1,2,1,2,1,1,1,1,1,1,1,1,1,1,1,2,2,1,2,2,1,1,1,1,1,1,1,1,2,1,2,2,1,1,2,2,2,1,1,1,1,1,2,2,1,1,2,1,2,2,2,2,2,1,1,1,1,1,1,2,1,2,1,2,2,1,1,1,1,2,2,1,1,1,1,2,2,2,1,2,1,2,1,1,1,2,1,1,1,2,2,2,1,1,2,1,1,2,2,2,1,1,1,1,1,1,1,1,1,1,2,1,1,2,2,1,1,1,1,1,2,2,1,1,1,2,1,2,1,2,2,2,2,1,2,2,1,1,1,1,1,2,1,2,1,2,2,1,1,1,1,1,1,2,1,1,1,1,2,2,2,1,2,1,1,2,2,1,1,1,2,2,2,2,1,1,1,1,1,1,1,1,1,2
"Proterogyrinus",1,1,2,1,2,1,1,2,1,1,1,1,2,1,2,1,2,1,1,1,1,2,1,2,1,1,2,2,1,2,2,1,1,1,1,1,1,1,1,2,1,2,2,1,2,1,1,2,1,2,1,2,2,1,1,1,1,2,2,1,2,1,1,1,2,1,1,1,1,1,2,1,1,2,1,2,2,2,1,2,1,1,1,1,2,2,1,1,2,1,1,1,1,2,1,1,1,2,2,2,1,1,2,1,2,1,2,2,2,1,2,1,2,1,2,1,1,1,1,1,1,1,1,1,1,1,1,1,2,1,2,1,2,1,1,2,1,1,1,2,1,1,1,2,1,2,1,1,2,2,2,2,1,1,1,1,1,2,2,2,2,2,1,1,1,2,1,2,1,2,1,1,2,1,1,2,1,1,1,1,1,2,1,2,1,2,1,2,1,2,1,1,1,1,1,1,2,2,1,1,1,2,2,1,1,1,1,2,2,1,1,2,2,1,2,1,1,2,1,1,1,1,2,1,1,1,2,2,1,1,1,1,1,1,2,1,2,1,1,1,1,2,2,2,1,1,2,1,2,1,1,2,2,1,2,2,1,2,2,1,2,1,1,2,1,1,2,2,1,2,2,1,2,2,2,1,2,1,1,1,2,1,1,1,1,1,2,2,2,1,2,2,1,1,1,2,2,2,2,1,2,2,1,1,1,2,1,2,1,2,2,2,2,1,1,2,1,1,1,2,1,2,1,2,1,1,1,1,1,1,1,2,1,2,1,1,1,1,2,1,1,1,1,1,1,1,1,1,1,1
"Archeria",1,1,2,1,1,1,1,2,1,1,1,1,1,1,2,1,1,1,1,1,1,2,2,2,1,1,2,1,1,1,2,1,1,1,1,1,1,1,1,2,1,2,2,1,2,1,1,2,1,1,1,2,2,1,1,1,1,2,1,1,2,1,2,1,2,1,1,1,1,1,2,1,1,2,1,2,1,2,1,2,1,1,1,1,2,2,1,1,1,1,1,2,1,2,1,1,1,2,2,2,2,1,2,1,2,1,2,2,2,1,2,1,1,1,2,2,1,1,1,1,1,1,1,1,1,1,2,1,2,1,1,2,1,1,1,2,2,1,1,1,1,1,1,2,1,2,1,1,2,2,2,2,1,1,1,2,1,2,2,2,1,1,1,1,1,2,1,2,1,2,2,1,2,1,1,1,1,1,1,1,1,2,2,2,1,2,1,2,1,2,1,1,1,1,2,1,2,2,1,1,1,1,2,1,1,2,1,2,1,1,1,2,2,1,2,1,1,2,1,1,2,1,1,1,1,1,2,2,1,2,1,1,1,2,2,1,2,1,1,1,1,2,2,1,1,2,2,1,2,1,1,1,2,1,1,2,1,1,2,1,2,2,1,2,1,1,2,1,1,2,1,1,2,2,2,1,2,1,1,1,2,1,1,1,1,1,2,2,2,1,2,1,1,1,1,2,1,1,2,1,2,2,2,1,1,1,1,2,1,1,2,1,2,1,1,2,1,1,1,1,1,2,1,2,1,1,1,1,1,1,1,2,1,2,1,1,1,1,2,1,1,1,2,1,1,1,1,1,2,1
"Ichthyostega",1,1,1,1,1,1,1,2,1,1,2,1,1,1,2,1,2,1,1,1,1,1,2,1,1,1,2,1,1,1,1,1,1,1,1,1,1,1,2,2,1,1,1,1,1,1,1,1,2,1,1,2,1,1,2,1,1,1,1,2,1,2,1,1,1,1,1,2,2,1,2,1,2,2,2,1,1,1,2,2,1,1,1,2,2,2,1,1,2,1,2,1,1,1,1,1,2,1,1,2,1,1,1,2,1,1,1,2,1,1,1,1,1,1,1,2,1,1,1,1,1,1,1,2,1,1,2,2,2,1,1,2,1,1,1,2,2,1,1,2,1,1,1,2,1,2,2,1,1,1,1,1,1,1,2,2,1,2,1,1,2,1,1,1,1,2,1,1,2,2,2,1,1,1,1,2,1,1,1,1,1,1,1,1,2,1,1,1,1,2,1,2,1,2,1,1,2,1,2,1,1,1,2,1,1,1,2,2,2,1,1,2,1,1,2,2,1,1,2,1,1,1,1,1,1,2,1,2,1,2,2,1,1,1,1,1,2,1,1,1,2,2,1,2,2,2,1,2,2,2,1,1,2,1,1,1,2,1,2,1,2,2,1,1,2,1,1,1,1,2,2,1,2,2,2,2,2,1,1,2,2,1,1,2,1,1,1,1,1,1,1,2,2,1,1,2,1,1,2,1,1,1,1,1,1,1,1,1,2,1,2,2,1,1,1,1,2,1,1,2,1,1,1,1,2,1,2,1,1,1,1,1,2,1,2,2,2,1,2,1,1,1,2,1,1,1,1,2,1,1
